date,source,price,forward_pe,forward_eps,revision_ratio,revision_breadth,eps_mom_4w,eps_mom_13w,eps_mom_26w,ret_1m,ret_3m,ret_6m,ret_12m
2016-10-14,82221,2132.97998046875,16.5,129.22,0.8600405679513184,-0.0752453653217012,,,,-2.2409984747076894,5.864569242845619,10.22887854731187,14.314249132909197
2016-10-28,82221,2126.409912109375,16.5,128.97,0.0,-1.0,,,,2.609562244719288,5.2868529898878025,12.072470299175354,14.05044332373684
2016-11-18,82221,2181.89990234375,17.0,128.47,1.239057239057239,0.10676691729323308,,,,3.5579142228173044,4.097812010255719,7.428392015183505,13.300344117563467
2016-11-25,82221,2213.35009765625,17.1,128.56,1.2603305785123966,0.11517367458866545,,,,2.0204653005631457,3.6749651054359678,6.748587727040789,11.90412582030078
2016-12-02,82221,2191.949951171875,17.0,128.61,1.6727272727272726,0.25170068027210885,-0.4720631481194726,,,3.277451104767115,4.811696117730158,7.463221858836944,11.376633716211447
2016-12-09,82221,2259.530029296875,17.5,128.51,0.9330357142857143,-0.03464203233256351,-0.35667209428550395,,,-0.916117551149187,2.5036210019735217,3.0723168523943967,7.34754649766316
2016-12-16,82221,2258.070068359375,17.6,128.54,0.7705479452054794,-0.12959381044487428,0.05448742897173897,,,0.8374369057163156,4.122540086527748,4.013155938633739,8.191950420880833
2016-12-23,82221,2263.7900390625,17.6,128.55,0.8208469055374593,-0.09838998211091235,-0.007778469197250448,,,0.4792782602806245,4.574189613052981,5.318952289375756,9.398398530533992
2016-12-30,82221,2238.830078125,17.5,128.57,1.2222222222222223,0.1,-0.03110178057695867,,,1.4507568388554049,6.444885678119072,7.167134411195852,9.942686391905653
2017-01-06,82221,2276.97998046875,17.1,132.73,0.7194244604316546,-0.16317991631799164,3.2837911446579993,,,0.7777829005705339,4.199427224117058,5.003114777124562,9.804653616411718
2017-01-13,82221,2274.639892578125,17.1,132.75,0.0069124423963133645,-0.9862700228832952,3.275245059903531,,,1.0014784920990616,4.555011444226498,4.708001835369502,10.005103615194933
2017-01-20,82221,2271.31005859375,17.0,132.93,0.013888888888888888,-0.9726027397260274,3.407234539089843,,,1.9719914017477302,3.1994716705473714,6.36240786320017,10.92101221009436
2017-01-27,82221,2294.68994140625,17.3,132.91,0.011574074074074073,-0.977116704805492,3.3755930621451435,,,2.46089764391082,2.9646719615280315,6.291923119889775,11.096930008883877
2017-02-03,82221,2297.419921875,17.3,131.95,11.75,0.8431372549019608,-0.587659157688547,2.1126760563380254,,3.0434212461499355,2.529799477844974,5.847868575397497,11.132052854807405
2017-02-10,82221,2316.10009765625,17.6,131.5,0.8653846153846154,-0.07216494845360824,-0.941619585687381,1.9616965185702107,,2.893658162661894,0.5548056203886986,5.053745509788077,11.187334413717842
2017-02-17,82221,2351.159912109375,17.9,131.39,0.9264413518886679,-0.038183694530443756,-1.1585044760400343,2.2729041799641747,,0.9118982267624531,-0.10505328414301962,3.7062615890116613,9.778584394275969
2017-02-24,82221,2367.340087890625,18.0,131.43,0.9241706161137441,-0.03940886699507389,-1.1135354751335425,2.232420659614198,,0.4608510693153489,0.712185940984611,2.3684735668338286,9.31425109251931
2017-03-03,82221,2383.1201171875,18.2,131.22,0.9775784753363229,-0.011337868480725623,-0.5532398635846869,2.0293911826452016,,-1.6423904291044344,0.6785189616914211,1.7649053503338674,8.357947642005236
2017-03-10,82221,2372.60009765625,18.0,131.07,0.8705035971223022,-0.06923076923076923,-0.326996197718632,1.9920628744844793,,-0.4164261378428291,0.771297476788324,3.652951121456005,8.692994668749353
2017-03-17,82221,2378.25,18.2,131.04,1.1428571428571428,0.06666666666666667,-0.2663825253063301,1.944919869301387,,-0.9549021733417429,0.14632525885629466,3.964681554189009,9.425835041522124
2017-03-24,82221,2343.97998046875,17.9,130.91,1.475,0.1919191919191919,-0.3956478733926905,1.835861532477634,,-0.6412183304513208,3.0648763423422487,5.465921989738098,12.72365774108415
2017-03-31,82221,2362.719970703125,18.1,130.98,1.1397379912663756,0.0653061224489796,-0.18289894833105613,1.8744652718363453,,-0.5938083848633036,3.2314492873875666,4.829607775648359,12.22235528871991
2017-04-07,82221,2355.5400390625,17.4,135.14,1.0250696378830084,0.012379642365887207,3.105210955977711,1.8157161154222834,,1.2167023966521695,3.2361997335901505,3.641629005423974,13.596458316145487
2017-04-14,82221,2328.949951171875,17.3,135.18,1.1738095238095239,0.07995618838992333,3.1593406593406703,1.8305084745762867,,3.020249012016407,4.474117235513964,4.147796203505494,15.216734758101126
2017-04-21,82221,2348.68994140625,17.4,135.12,1.107391910739191,0.050959629384513566,3.21594988923688,1.647483638004954,,1.79717042225791,3.8153229952618606,4.017563398146029,13.834102164250893
2017-04-28,82221,2384.199951171875,17.7,135.03,1.7014925373134329,0.2596685082872928,3.092075125973448,1.595064329245366,,-0.10359746471393372,1.6445751925390217,3.873420834978969,15.055362743189594
2017-05-05,82221,2399.2900390625,17.7,135.06,1.581453634085213,0.22524271844660193,-0.05919786887670364,2.3569533914361562,4.519424237734104,0.6889550253513343,1.0790647298415612,2.589928335734082,16.12768547662007
2017-05-12,82221,2390.89990234375,17.7,134.96,1.7886178861788617,0.282798833819242,-0.16274596833850685,2.6311787072243353,4.6444909668915235,2.014729515376401,2.8595976402223444,4.572758483858985,17.541518407911827
2017-05-19,82221,2381.72998046875,17.6,134.79,1.518181818181818,0.20577617328519857,-0.2442273534635997,2.5877159601187305,4.919436444306058,2.100995472738343,3.812777239167886,5.058927385658607,20.6211510434146
2017-05-26,82221,2415.820068359375,17.9,134.91,1.127208480565371,0.059800664451827246,-0.0888691401910724,2.647797306551003,4.939327940261351,0.7173478774908926,2.329644911638473,4.285916837043913,14.33508310444287
2017-06-02,82221,2439.070068359375,18.0,134.83,1.0372670807453417,0.018292682926829267,-0.17029468384420765,2.7511050144795046,4.83632687971387,-0.031570209533504645,1.5481314069432983,4.52057573892457,7.399540620419676
2017-06-09,82221,2431.77001953125,18.1,134.83,1.177304964539007,0.08143322475570032,-0.09632483698873706,2.8686961165789393,4.917905221383556,-0.34378692700087754,0.3927200661008934,4.992244388601819,12.355195958447984
2017-06-16,82221,2433.14990234375,18.1,134.66,0.8689655172413793,-0.07011070110701106,-0.09644632391127006,2.762515262515275,4.761163840049787,-0.3275577347473635,-0.3123462926926335,5.838524722907934,12.911253276329893
2017-06-23,82221,2438.300048828125,18.1,134.72,1.02734375,0.01348747591522158,-0.14083463049440192,2.9103964555801776,4.799688837028393,0.860024208800847,0.19480785403267475,5.855309710544732,10.374028876940123
2017-06-30,82221,2423.409912109375,18.0,134.73,1.114678899082569,0.05422993492407809,-0.07416747014761249,2.863032524049469,4.791164346270516,2.027313939240316,2.19278366623894,6.785074822035675,14.98550263557763
2017-07-07,82221,2425.179931640625,17.3,139.21,0.7625,-0.1347517730496454,3.2485351924645745,3.0116915791031706,4.882091463874039,1.9347086541279257,1.494734453598956,6.478699379687214,13.476529055058627
2017-07-14,82221,2459.27001953125,17.6,138.9,0.7625,-0.1347517730496454,3.1486707262735836,2.751886373723922,4.632768361581929,0.7140354029565588,1.665533292895871,4.862421660708605,5.245051954846391
2017-07-21,82221,2472.5400390625,17.8,138.62,0.7625,-0.1347517730496454,2.894893111638952,2.590290112492588,4.280448356277744,-1.2626679531936968,1.200382245453091,5.252893007214787,6.80798189172398
2017-07-28,82221,2472.10009765625,17.9,138.17,0.7625,-0.1347517730496454,2.5532546574630777,2.325409168332948,3.957565269731389,-1.8830163419457868,1.911735281691529,6.881593233549177,5.354551507536942
2017-08-04,82221,2476.830078125,17.9,138.42,,,-0.5674879678184142,2.4877832074633455,4.903372489579394,-1.3638412095854036,2.9271285357969967,7.052156036768897,7.245954104327845
2017-08-11,82221,2441.320068359375,17.6,138.3,,,-0.4319654427645703,2.474807350326036,5.171102661596971,1.4430709404041897,4.58153172807001,9.605049058231764,9.372790859517345
2017-08-18,82221,2425.550048828125,17.6,138.23,1.5033333333333334,0.2010652463382157,-0.28134468330689444,2.5521181096520573,5.205875637415325,1.4792472672264578,6.170143229230884,10.62810636239182,10.074410272396129
2017-08-25,82221,2443.050048828125,17.6,138.4,1.1465201465201464,0.06825938566552901,0.166461605268875,2.58690979171301,5.303203226051889,2.3405141318350253,5.649496194212444,9.437385808135378,9.020276647733084
2017-09-01,82221,2476.550048828125,17.9,138.18,1.511111111111111,0.20353982300884957,-0.1733853489380044,2.4846102499443745,5.304069501600361,1.036519406791192,4.493752876714985,10.764969342807218,10.141927961191444
2017-09-08,82221,2461.429931640625,17.9,138.06,,,-0.17353579175705125,2.395609285767253,5.333028152895403,2.3535171583225933,4.910565018884605,13.195990445165883,10.219264657062176
2017-09-15,82221,2500.22998046875,18.1,137.83,,,-0.28937278448960546,2.3540769345017143,5.181623931623958,1.9638232498533803,3.144515416648197,12.401661878370174,8.843190401820467
2017-09-22,82221,2502.219970703125,18.2,137.54,,,-0.6213872832370071,2.0932304038004723,5.064548162859972,2.03618993407515,4.004442149173593,14.812852220191575,9.287758438722339
2017-09-29,82221,2519.360107421875,18.2,137.62,,,-0.4052684903748771,2.145030802345449,5.069476255916938,2.2168269375661964,4.87662970130045,9.636168115683041,10.306979185310938
2017-10-06,82221,2549.330078125,18.0,141.87,0.002145922746781116,-0.9957173447537473,2.7596697088222433,1.9107822713885447,4.980020719254119,1.2450325874521218,4.007716488017299,2.7544479746134387,9.034916112305847
2017-10-13,82221,2553.169921875,18.0,141.9,0.004291845493562232,-0.9914529914529915,2.9529130087789346,2.1598272138228847,4.971149578339995,1.3579263063761893,4.803445930801398,7.0128528185321,7.900373539939243
2017-10-20,82221,2575.2099609375,18.0,142.25,0.008583690987124463,-0.9829787234042553,3.424458339392178,2.61866974462559,5.276791000592063,0.27532076988565635,4.198885861475943,6.682565324808554,5.559164434028618
2017-10-27,82221,2581.070068359375,18.0,142.1,0.019189765458422176,-0.9623430962343096,3.255340793489303,2.8443222117681133,5.23587350959045,-0.08600970312038214,3.5853361827298924,4.26876949182009,6.92542221891792
2017-11-03,82221,2587.840087890625,18.1,142.16,,,0.20441249030802577,2.7019216876174035,5.2569228491041065,0.5633977946550406,6.001522859927544,7.679376380274605,8.24896297503168
2017-11-10,82221,2582.300048828125,18.2,142.39,,,0.3453136011275504,2.957339117859714,5.505334914048587,2.320408966502252,7.89760823877923,6.572046537137166,8.50133699205482
2017-11-17,82221,2578.85009765625,18.2,142.3,,,0.03514938488577979,2.9443680821818807,5.571629942874123,2.817143284511836,8.974928452887788,0.3648879055795806,9.305309018202257
2017-12-01,82221,2642.219970703125,18.2,142.45,,,0.24630541871921707,2.9263005780346685,5.588911125935803,1.5562715308883757,4.538225940267404,-1.4287228322611756,7.231042862146975
2017-12-08,82221,2651.5,18.6,142.49,,,0.23213280810354675,3.119119988420893,5.6812282133056335,0.833871673463138,-1.2049764726334122,0.18103144741183907,7.491226958796915
2017-12-15,82221,2675.81005859375,18.5,142.54,,,0.10534447643795186,3.244965956830348,5.718311948379418,2.5166152408213183,2.1081433612302414,-0.21190465285136906,7.43251121931352
2017-12-22,82221,2683.340087890625,18.6,142.57,,,0.18973998594518093,3.439019081477168,5.874053170949045,3.8347693163500507,2.3835950286785756,-0.5005021853866976,8.130908662127002
2017-12-29,82221,2673.610107421875,18.8,142.88,,,0.30186030186030166,3.8825069070815843,6.057007125890723,5.112560766687779,0.6597780480092075,-0.3811395505495474,7.408328673987019
2018-01-05,82221,2743.14990234375,18.8,143.34,,,0.5965330900413957,4.156372620258675,6.390558895568921,4.728878094956346,1.5828579392809239,-0.562489553612866,5.89942525513214
2018-01-12,82221,2786.239990234375,18.4,147.94,,,3.78841027080119,4.278564883343905,6.271101213993235,-0.86532773581528,-1.2285366870307013,-2.629709565150795,5.147795313517123
2018-01-19,82221,2810.300048828125,18.4,150.32,,,5.435926211685493,5.933756166314286,8.221742260619136,-6.787531462327001,-7.900937095848148,-3.1658530817812447,3.6892833448107787
2018-01-26,82221,2872.8701171875,18.4,151.95,,,6.347984322508404,6.818980667838304,9.616216996104443,-4.895805962229494,-8.075547815824159,-4.812260713524519,0.44206492649616624
2018-02-02,82221,2762.1298828125,18.5,153.58,,,7.14385377424307,8.078817733990151,11.152927553014425,-0.5368985027335071,-5.707910880310962,0.6118519838454128,0.18101972796835675
2018-02-09,82221,2619.550048828125,18.2,155.3,,,4.974989860754375,9.243106359032094,12.194769541973717,2.7371094209080127,1.4029126878656317,6.11211316053597,5.658604634603637
2018-02-16,82221,2732.219970703125,16.4,157.28,,,4.630122405534864,10.457195027740717,13.723788864786691,1.9892284749775557,-2.2721478794045957,0.8293589957013348,-2.6912192314424987
2018-02-23,82221,2747.300048828125,17.3,157.78,,,3.8367884172425315,10.878425860857345,14.143094841930125,0.1714396263163609,-2.8169524749130037,-1.053031380863012,-0.8823204529375905
2018-03-09,82221,2786.570068359375,16.9,158.21,,,3.014715457741901,11.063531063531084,14.313583815028895,-5.228648395611934,-2.1119188182086024,0.5289653542806194,-1.8050882480676211
2018-03-16,82221,2752.010009765625,17.3,158.23,,,1.8866709594333342,11.046389220296149,14.510059342886073,-5.361173779853557,-1.418600910751222,1.8103156668248355,-4.340462089454677
2018-03-23,82221,2588.260009765625,17.4,158.32,,,0.6612410986775119,11.070576680230104,14.674779081558743,2.6287945880932195,5.141294454857537,8.907917200120409,6.641910451838329
2018-03-30,82221,2640.8701171875,16.7,158.02,,,0.15211053365447036,10.836781931682694,14.6484800116085,1.1083383162287852,3.549966330788079,7.553570286190148,-0.2949800147989179
2018-04-06,82221,2604.469970703125,16.5,158.14,,,-0.04424499083498512,10.680291153415444,14.977461102224797,2.5126011104894097,6.7023256385107866,8.78528303906605,-0.17354853701883055
2018-04-13,82221,2656.300048828125,16.4,161.92,,,2.3320482841433288,12.962187805218361,17.65731725039963,0.26803722907795535,4.6440485266591836,7.296985672604506,-9.023074473321046
2018-04-20,82221,2670.139892578125,16.4,162.02,,,2.337038908539668,9.51737190753008,14.20314372312681,2.1564442479230728,3.173616126627543,7.6606491441399305,-6.906001549068829
2018-04-27,82221,2669.909912109375,16.6,162.14,,,2.607264903176798,7.863225119744532,14.263565891472862,1.6127906937402958,1.815050195451673,8.674828554005032,-5.167588991574668
2018-05-04,82221,2663.419921875,16.4,162.43,,,2.7127861388643204,6.897005593945393,14.186291739894564,2.174278106669414,3.619412233595942,7.819270557194513,-2.521566785536977
2018-05-11,82221,2727.719970703125,16.1,163.1,,,0.7287549407114735,6.198723792160421,14.778325123152714,0.2529638877335483,2.697860802465568,6.498468012459968,-2.090024283208569
2018-05-18,82221,2712.969970703125,16.7,163.16,,,0.7036168374274787,5.061171925305841,14.772087788407418,2.4349719793112623,3.2753811646077713,7.987554359686211,-1.777017860798713
2018-05-25,82221,2721.330078125,16.6,164.11,,,1.2149993832490713,4.34257375381486,15.253880188215497,2.1434310542940205,3.5824390072352275,7.079255246996197,-0.5438534982247445
2018-06-01,82221,2734.6201171875,16.7,163.8,,,0.8434402511851236,3.815439219165939,15.108924806746305,0.7408621584279462,3.8663498379252426,5.519960532109436,-0.9778409149751255
2018-06-08,82221,2779.030029296875,16.5,163.84,,,0.45370938074800193,3.558561405726568,15.01579501579502,-2.1827728189292905,1.9521199637315911,-0.42821223084753557,-0.12342189916864088
2018-06-15,82221,2779.659912109375,16.9,163.82,,,0.40451090953665947,3.532831953485438,14.969471541862568,-0.7137507600684989,2.5352011732128865,-0.42738619788508236,0.46804322028561884
2018-06-22,82221,2754.8798828125,17.0,163.97,,,-0.0853086344525078,3.5687215765538127,15.03437631542024,1.6853793180212628,4.349012069137248,-3.4916201612408715,1.7717672156333464
2018-06-29,82221,2718.3701171875,16.8,163.93,,,0.07936507936507908,3.740032907226931,14.98211404923897,3.070220659424039,6.737489541462516,0.17252769873377094,0.9086309114312296
2018-07-06,82221,2759.820068359375,16.5,164.16,,,0.1953125,3.8067535095485106,14.893617021276606,2.137820529549006,4.053157833138998,0.7678015552240902,2.2704346862230107
2018-07-13,82221,2801.31005859375,16.3,168.23,,,2.6919790013429257,3.8969861660079097,17.36430863680758,1.3936350580948442,3.700765702709896,-2.3217722316375755,-0.021422036250828835
2018-07-20,82221,2801.830078125,16.6,168.26,,,2.6163322559004554,3.8513763732872297,13.735298093821813,1.1224788904015792,4.562726510365356,-6.041409179407708,1.1624482324262164
2018-07-27,82221,2818.820068359375,16.7,168.4,,,2.7267736228878237,3.8608609843345354,12.027674294837688,1.110741859850184,3.375877487801504,-2.08066301012646,2.6223710659908583
2018-08-03,82221,2840.35009765625,16.8,168.88,,,2.875243664717342,3.970941328572297,11.141822968081616,1.2090003897173185,1.592056230689276,-7.2973405532748,2.36097002649287
2018-08-10,82221,2833.280029296875,16.7,169.24,,,0.6003685430660433,3.764561618638873,10.19664018752442,2.408515555425339,-2.334754976577136,-8.235334160842012,2.5324005837081387
2018-08-17,82221,2850.1298828125,16.9,169.25,,,0.5883751337216303,3.7325324834518225,8.982614294913072,0.756107606115819,-2.88933686889955,-15.210175797224156,3.148979298846366
2018-08-24,82221,2874.68994140625,16.8,169.19,,,0.4691211401425033,3.0954847358478865,7.572482197355024,1.053680211775565,-7.513853820851946,-13.530153133023004,2.468090563435421
2018-09-07,82221,2871.679931640625,17.2,169.12,,,0.142112742775935,3.2478632478632363,7.187222715173025,1.473007084182898,-3.1573825786078924,-9.590899000977782,-0.42309389043954093
2018-09-14,82221,2904.97998046875,17.0,169.09,,,-0.08863152918932027,3.204345703125,6.87693571834902,-0.6681599267421845,-5.807611827682091,-8.064428020376512,-2.7167113854693503
2018-09-21,82221,2929.669921875,17.2,169.1,,,-0.08862629246676468,3.2230496886827,6.869746571446633,-5.548066621733061,-10.141410848465092,-9.042312587208857,-6.062453041384918
2018-09-28,82221,2913.97998046875,17.3,169.07,,,-0.07092617767008313,3.1103250594620935,6.790045477513895,-5.017191338025495,-5.278349872843247,-7.119127535615533,-1.3946524289980777
2018-10-05,82221,2885.570068359375,17.3,168.72,,,-0.23651844843898262,2.9219788934301105,6.771294772813552,-7.862575559709784,-8.750090424175049,-6.157888435816183,0.04886078230554869
2018-10-12,82221,2767.1298828125,16.7,173.61,,,2.6731326512508202,5.756578947368429,9.782471228025823,-1.5926185645452118,-6.041636595341304,0.3061010940021758,6.625279111895677
2018-10-19,82221,2767.780029296875,15.7,173.57,,,2.6434062684801862,3.1742257623491588,7.194911067193677,0.47799970838400263,-12.687421268755362,0.8992727859391314,6.285903454291053
2018-11-02,82221,2723.06005859375,15.6,173.24,,,2.466434021411268,2.9597052181148387,6.925070978891501,-3.3234669104851178,-7.018578844206569,0.7348354180612082,10.675855643361354
2018-11-09,82221,2781.010009765625,15.8,172.99,,,2.5308202939781976,2.7256532066508354,6.691747872209208,-0.7493711931076952,-6.643269867826551,1.4911837986020027,7.033419404079555
2018-11-16,82221,2736.27001953125,16.3,172.17,,,-0.8294453084499942,1.9481288488867765,5.9964292310533684,-3.771190002071778,-2.395964511023696,2.355028595360964,10.583388548043748
2018-11-23,82221,2632.56005859375,15.9,171.79,,,-1.0255228438094122,1.506735996218378,5.32801961986511,-1.2387222587922464,1.2231421299111922,7.667055613455509,11.376378261788078
2018-11-30,82221,2760.169921875,15.5,171.28,,,-1.1313784345416855,1.199409158050213,4.976709977935778,-12.446690399920179,-1.9433547243963512,4.802967647343959,5.741674786496254
2018-12-07,82221,2633.080078125,16.0,171.01,,,-1.1445748309150905,1.0757136946627943,4.204496983730421,-5.595731368547852,2.8407721173738354,10.418590618015822,9.707257125944913
2018-12-14,82221,2599.949951171875,15.8,171.05,,,-0.6505198350467478,1.141201513718082,4.426129426129433,-2.6158199597254073,6.755904912908206,11.734075034309456,9.50634284858436
2018-12-21,82221,2416.6201171875,15.5,170.53,,,-0.7334536352523346,0.8516174818144151,4.083251953125,7.433518048636989,15.560981306617293,21.652545300912983,21.097227492393777
2018-12-28,82221,2485.739990234375,14.6,169.58,,,-0.992526856609055,0.2838557066824565,3.5160542058356947,7.441243711321732,12.79095771967269,18.501528886791863,19.831920178290407
2019-01-04,82221,2531.93994140625,14.7,168.95,,,-1.2046079176656344,-0.0709765186017619,3.0371409404159166,5.245782737074167,8.338670420273186,13.802063596477264,18.778089614077032
2019-01-11,82221,2596.260009765625,14.1,173.54,0.011126564673157162,-0.9779917469050894,1.4557147033031237,2.856804172593641,5.862258280973576,4.247264107465276,8.713301820781293,10.140356456633025,15.245393647205674
2019-01-18,82221,2670.7099609375,15.1,172.15,0.0,-1.0,0.9499794757520608,-0.8409653821784491,4.867202729044839,1.391761831822147,4.867619543170698,5.816809010654134,10.89897751468385
2019-01-25,82221,2664.760009765625,15.4,170.98,0.012569832402234637,-0.9751724137931035,0.8255690529543447,-1.4921933513856067,1.634666825179809,4.15947730694044,6.366047672452324,3.2760942264291604,10.779582361912766
2019-02-01,82221,2706.530029296875,15.5,170.01,0.00558659217877095,-0.9888888888888889,0.6274045575614062,-1.86446548141308,1.0400570545584298,3.1826690133012647,6.880025675749657,6.163244330863216,9.744580232974243
2019-02-08,82221,2707.8798828125,16.0,169.13,0.0,-1.0,-2.5412008758787574,-2.2313428521880008,0.4334916864608074,3.538194555891394,7.368496311942607,6.614034056423157,10.278154142875117
2019-02-15,82221,2775.60009765625,16.0,168.79,0.006963788300835654,-0.9861687413554634,-1.9517862329364033,-1.9631759307661034,-0.05329227854097285,-1.1719998613756943,4.663133271609166,6.299893973519599,8.897173313273864
2019-02-22,82221,2792.669921875,16.3,168.65,0.009708737864077669,-0.9807692307692307,-1.3627324833313748,-1.827813027533609,-0.34861734814465306,1.067439383374591,5.271298257785628,5.338621894510398,9.819992978269699
2019-03-08,82221,2743.070068359375,16.6,167.93,0.0,-1.0,-1.2234574436797763,-1.955861746847265,-0.7799113737075314,3.3294750665628925,5.042883722875868,9.8685029702424,13.757938484008214
2019-03-15,82221,2822.47998046875,16.4,167.83,0.008356545961002786,-0.9834254143646409,-0.7686395080707009,-1.8595403777556752,-0.8038300135941756,2.4893005531240853,1.3126771167380147,5.460804966543198,10.197062887438136
2019-03-29,82221,2834.39990234375,17.1,167.41,0.009887005649717515,-0.9804195804195804,-0.8175839800936058,-2.1280327389652243,-1.0111163670766365,2.4918899727141897,-2.90501857842691,3.4451788685015305,10.990333774286377
2019-04-05,82221,2892.739990234375,16.8,167.2,0.002828854314002829,-0.9943582510578279,-0.8597687518529629,-1.9527355890459175,-1.117747944881431,1.6295931448130574,-0.6706410672664087,0.8956875556339172,9.54320331331897
2019-04-12,82221,2907.409912109375,16.6,173.0,0.0,-1.0,3.0191151074852485,2.0167472579313506,2.30632761679479,1.314915392890481,-0.7026849415190606,-0.6442153337491097,10.793457685025064
2019-04-19,82221,2905.030029296875,16.8,172.34,0.0,-1.0,2.6872430435559647,2.00651080201244,1.934110131898037,-0.8134210908258499,1.5638369029741472,-1.9937804873231824,11.53137788098717
2019-04-26,82221,2939.8798828125,16.8,172.14,0.011437908496732025,-0.9773828756058158,2.8253987217012,-0.8067304367869066,2.0270270270270174,-2.7330998788547944,0.06395250922042184,-0.4564785776948632,10.033410431774525
2019-05-03,82221,2945.639892578125,17.0,172.45,0.006535947712418301,-0.987012987012987,3.1399521531100483,0.17426662794073344,-0.6681642762513818,-4.059553725004539,1.519874158550505,1.12267858819739,10.85367583062924
2019-05-10,82221,2881.39990234375,17.0,172.03,0.011400651465798045,-0.9774557165861514,-0.5606936416184927,0.6141069130892518,-0.8872501008238665,-4.4887849008669045,4.5939516094183785,4.372527052974973,15.555640661997817
2019-05-17,82221,2859.530029296875,16.7,171.87,0.003257328990228013,-0.9935064935064936,-0.27271672275733794,1.0940532909828882,-0.7908104363888224,0.4829485423220259,4.0943818363673,4.635028753137105,15.245160461330865
2019-05-24,82221,2826.06005859375,16.7,171.76,0.013029315960912053,-0.9742765273311897,-0.22075055187638082,1.5550168509430584,-0.7110237585987722,2.155648521684772,7.069915171142749,4.802798866783076,14.134871611195399
2019-05-31,82221,2752.06005859375,16.4,171.6,0.008143322475570033,-0.9838449111470113,-0.49289649173672734,1.6647905681616226,-0.33106813033628724,7.209141447484568,6.54019121684235,7.265464667004595,20.917054500543706
2019-06-07,82221,2873.340087890625,16.3,171.47,0.009771986970684038,-0.9806451612903225,-0.32552461779922215,1.6721019863622955,-0.18627393911170298,2.38119817989344,1.5769039886394998,3.373423565457001,17.63869951749486
2019-06-21,82221,2950.4599609375,16.9,171.06,0.013157894736842105,-0.974025974025974,-0.47128643742363474,1.8638718513666275,-0.12844465203175615,2.1457691150512437,-3.5028387059618304,2.443350828177948,0.12743808814237312
2019-06-28,82221,2941.760009765625,17.3,170.74,0.013157894736842105,-0.974025974025974,-0.5938518863530362,1.7338973961746884,-0.15788550377169308,1.1846682781926354,-0.5200984708927381,4.25425262184187,1.0405372063071017
2019-07-05,82221,2990.409912109375,17.1,170.63,0.004975124378109453,-0.9900990099009901,-0.5652680652680653,1.9234215399319021,-0.24554223911138484,1.1854627410425422,-0.3912490767401855,3.4333141286039703,-9.342862710786326
2019-07-12,82221,3013.77001953125,17.1,174.87,0.011220196353436185,-0.9778085991678225,1.982854143581969,4.58732057416269,2.545006743681455,-2.7115529776168934,-0.2116991977416105,3.5400823790411318,-23.52037790084931
2019-07-19,82221,2976.610107421875,17.2,174.68,0.0028129395218002813,-0.9943899018232819,2.116216532210924,0.9710982658959644,3.0074301214765953,-1.9471883446746108,0.5193814567434396,4.49101248790722,-14.618647421567655
2019-07-26,82221,3025.860107421875,17.2,174.34,0.004195804195804196,-0.9916434540389972,2.10846901721915,1.160496692584423,3.1902929860905704,-4.533592793823226,-2.1174167372187136,3.804533883258765,-17.753967004636063
2019-08-02,82221,2932.050048828125,17.3,173.88,0.004195804195804196,-0.9916434540389972,1.9047060891988599,1.0108051585918432,0.1959202489339562,-2.896947186839416,0.6807510310227416,7.293868103197121,-4.85087150970005
2019-08-09,82221,2918.64990234375,17.1,172.98,0.0,-1.0,-1.0808028821410298,0.30733545955350383,0.4821376706360736,0.26759148425024026,1.7686299801167538,8.570748628792302,-1.5106246115573763
2019-08-16,82221,2888.679931640625,17.1,172.26,0.008534850640113799,-0.9830747531734838,-1.385390428211597,0.1336976108818222,0.748625570242134,3.1166495225292135,3.375937169884491,11.511834018718513,-1.7980511041509106
2019-08-23,82221,2847.110107421875,16.5,172.09,0.008559201141226819,-0.983026874115983,-1.2905816221177036,0.12800372374468516,1.2234574436797985,5.629560470402284,6.162035705921998,13.800306180120447,-0.5760278270103725
2019-08-30,82221,2926.4599609375,17.0,171.77,0.007132667617689016,-0.9858356940509915,-1.2134805613066346,0.005822077317207963,1.5609294625436032,2.2419615609863497,4.799312242320286,10.537992688611952,0.11413407103493256
2019-09-06,82221,2978.7099609375,17.0,171.68,0.0028530670470756064,-0.9943100995732574,-0.7515319690137523,0.046620046620060585,1.7121867409206848,-0.5680285122380502,3.839585548352753,9.622962305082394,-3.8610677532842974
2019-09-13,82221,3007.389892578125,17.3,171.55,0.005706134094151213,-0.9886524822695035,-0.4121676535469465,0.04665539161370358,1.7195375037059035,-1.841460029814257,3.759740918143617,10.714614204317186,-1.727077075520922
2019-09-20,82221,2992.070068359375,17.6,171.38,0.007132667617689016,-0.9858356940509915,-0.41257481550351915,0.18706886472581452,2.054427440004747,-0.7285941949908392,3.9511097000461515,10.140133600217172,1.7459480908152525
2019-09-27,82221,2961.7900390625,17.6,171.14,0.008547008547008548,-0.9830508474576272,-0.3667695173779073,0.23427433524656482,1.9722338080200075,0.8241607874777568,6.050055508423857,8.90441175743264,7.83782406978466
2019-10-04,82221,2952.010009765625,17.5,170.58,0.005706134094151213,-0.9886524822695035,-0.6407269338303823,-0.029303170603045547,1.8935547458335922,2.3895596163002297,6.568402603727774,12.72691996060351,3.0250591472491317
2019-10-11,82221,2970.27001953125,16.6,175.49,0.0,-1.0,2.2967064995628172,0.3545490936124107,4.958133971291878,3.2535726362472595,6.6839050992477,13.799751870465006,4.291528038357995
2019-10-18,82221,2986.199951171875,16.8,175.11,0.00922266139657444,-0.9817232375979112,2.1764499941650195,0.24616441493017227,1.2196531791907494,3.5791349775885495,7.870203716232105,11.772488600107511,0.7651898074435115
2019-10-25,82221,3022.550048828125,17.2,174.75,0.0,-1.0,2.1093841299520966,0.23517265114143537,1.3983985145642253,3.2393148344172396,7.194917112702259,-2.2606764824785075,3.5552748242883014
2019-11-01,82221,3066.909912109375,17.3,173.94,0.005263157894736842,-0.9895287958115183,1.9697502638058362,0.03450655624568366,1.0456605088881243,1.4144571636044212,5.475876056345208,-3.08257489235646,3.8517638384714337
2019-11-08,82221,3093.080078125,17.5,173.1,0.011811023622047244,-0.9766536964980544,-1.361900963017848,0.06937218175511184,0.3769208466222196,1.5486150094370155,5.569529891889458,-12.352090762077895,4.256272033653752
2019-11-15,82221,3120.4599609375,17.8,172.9,0.00130718954248366,-0.9973890339425587,-1.2620638455827837,0.37153140601418055,0.505725745509511,0.8155833271524804,6.702863003156767,-26.13525086915334,3.049868386915877
2019-11-22,82221,3110.2900390625,18.0,172.51,0.011764705882352941,-0.9767441860465116,-1.281831187410587,0.24405834156544515,0.3723744690754538,1.8811753576287282,5.95378338723811,-18.288328780129714,5.170902909539499
2019-11-29,82221,3140.97998046875,18.0,172.56,0.010498687664041995,-0.9792207792207792,-0.7933770265608819,0.45991733131511836,0.4657661853749495,2.554616416956601,2.6915179207822826,-20.76836153625049,6.6953641900239225
2019-12-06,82221,3145.909912109375,18.3,171.89,0.005249343832020997,-0.9895561357702349,-0.6990179087232873,0.1223205964585139,0.16899766899767243,2.991506751659423,5.778933723700486,-11.319136710791478,7.213817047758653
2019-12-13,82221,3168.800048828125,18.1,171.79,0.0,-1.0,-0.6419895893580163,0.1399009035266463,0.1866215664547699,2.084386765032753,6.67002840268871,-9.285533504810118,7.206509081117352
2019-12-20,82221,3221.219970703125,18.4,171.86,0.0013175230566534915,-0.9973684210526316,-0.37678975131875125,0.28007935581748633,0.4676721618145807,1.369981788095398,3.6175744083518424,-11.935849894312744,8.903149790167841
2019-12-27,82221,3240.02001953125,18.7,171.71,0.003947368421052632,-0.9921363040629095,-0.49258229021789113,0.3330606520977053,0.5681152629729347,2.7654180256951877,-8.820934657973911,-12.632948442490399,5.7697156276613315
2020-01-03,82221,3234.85009765625,18.9,171.15,0.011889035667107,-0.9765013054830287,-0.43050788294838327,0.334154062609926,0.3047529742718158,1.8739623542616712,-8.114131182119532,-9.430113903860438,3.28051903003983
2020-01-10,82221,3265.35009765625,18.4,176.74,0.0012121212121212121,-0.9975786924939467,2.8814249956342186,0.7122912986494923,1.0693658146051277,-1.219779715307967,-16.97613001812204,-12.300370081991051,1.6573987911960852
2020-01-17,82221,3329.6201171875,18.5,176.71,0.008484848484848486,-0.9831730769230769,2.8220644710811094,0.9137113814173814,1.1621250286237617,-0.0573685940969626,-30.775288448763185,-11.237623297749744,-0.9358471883669672
2020-01-24,82221,3295.469970703125,18.8,176.85,0.0012121212121212121,-0.9975786924939467,2.993419136916886,1.2017167381974225,1.4397154984512994,2.5698896412089223,-22.87989290459611,-7.621368555690022,1.6067496181910945
2020-01-31,82221,3225.52001953125,18.8,176.67,0.0,-1.0,3.2252410166520473,1.5695067264573925,1.6045548654244346,3.479438347589614,-22.845002130682357,-0.9793796875957939,7.8009087379169895
2020-02-07,82221,3327.7099609375,18.6,176.76,0.001221001221001221,-0.9975609756097561,0.011316057485566411,2.114384748700182,2.185223725286156,-11.223634109300606,-16.16396557669311,-8.60651636427665,4.690916560897418
2020-02-14,82221,3380.159912109375,19.0,175.98,0.008557457212713936,-0.983030303030303,-0.4131062192292534,1.7813765182186136,2.159526297457326,-12.06421605856498,-14.957867871999808,-8.355223694099045,2.5214777609607886
2020-02-21,82221,3337.75,19.2,175.75,0.008557457212713936,-0.983030303030303,-0.6219960418433645,1.8781519911889255,2.1267941193561457,-18.77701986274436,-15.010411497734255,-9.847950001404392,-2.0310100835143396
2020-02-28,82221,2954.219970703125,19.2,175.48,0.001221001221001221,-0.9975609756097561,-0.6735721967510044,1.6921650440426372,2.159864935669775,-21.97873060459973,-4.180799364653565,5.95047223313776,18.79413097904754
2020-03-06,82221,2972.3701171875,17.0,175.21,,,-0.8768952251640538,1.9314677991739027,2.0561509785647747,-14.496853672183295,-1.4321927176301763,7.1548936872044555,20.615864141982133
2020-03-13,82221,2711.02001953125,17.3,174.3,0.006097560975609756,-0.9878787878787879,-0.9546539379474805,1.4610862099074584,1.6030311862430757,-8.202452050721076,5.631826048522659,18.948954903930336,31.225148225855513
2020-03-20,82221,2304.919921875,14.4,172.71,0.006097560975609756,-0.9878787878787879,-1.7297297297297232,0.4945886186430881,0.77605321507761,21.037613579647484,28.223541439464995,39.51156620645884,57.85147514784526
2020-03-27,82221,2541.469970703125,14.3,168.25,0.00975609756097561,-0.9806763285024155,-4.120127649874627,-2.0150253334109913,-1.6886759378286653,13.106198055862617,19.785403474647744,28.709768555026805,45.55041609105059
2020-04-03,82221,2488.64990234375,16.2,162.51,0.0,-1.0,-7.248444723474701,-5.048203330411926,-4.730918044319399,13.987105521061928,28.339865267214147,34.66257452045469,47.20672270886084
2020-04-10,82221,2789.820068359375,15.7,160.96,0.004026845637583893,-0.9919786096256684,-7.653471026965009,-8.928369356116328,-8.27967405550174,1.4656820718252028,9.014559508214814,20.898481443634488,32.96233524805019
2020-04-17,82221,2874.56005859375,18.3,152.6,0.0067842605156037995,-0.9865229110512129,-11.643795958543235,-13.643823213174134,-12.854776997315987,1.9216850268697794,7.763968297458557,18.18016819489532,28.821801705729765
2020-04-24,82221,2836.739990234375,19.2,145.7,0.005427408412483039,-0.9892037786774629,-13.40267459138188,-17.613797003109987,-16.623748211731048,0.9503853377578197,6.074228134652326,23.663431327584906,32.40797821759631
2020-05-01,82221,2830.7099609375,20.1,138.96,0.006775067750677507,-0.9865410497981157,-14.49141591286689,-21.344880285277622,-20.110382890651945,4.406668007522141,10.573320932145247,21.063620371849346,35.113804819972906
2020-05-08,82221,2929.800048828125,21.6,134.78,0.005420054200542005,-0.9892183288409704,-16.264910536779333,-23.749717130572524,-22.137492778740608,3.9084581833981114,8.711856986160772,14.034060858162034,28.617992258797397
2020-05-15,82221,2863.699951171875,22.0,131.19,0.006765899864682003,-0.9865591397849462,-14.03014416775884,-25.451755881350145,-24.123770965876233,11.531584526989791,12.607117905251751,15.915425055084453,34.1435917240956
2020-05-22,82221,2955.449951171875,22.0,129.48,0.0013568521031207597,-0.997289972899729,-11.132463967055594,-26.3271692745377,-24.94348153730219,2.9051450317346905,8.803394946257171,11.606016526506124,25.674264548504013
2020-05-29,82221,3044.31005859375,22.9,128.89,0.012211668928086838,-0.9758713136729222,-7.24668969487624,-26.550034191930706,-25.30713954566528,1.7550752259875235,7.450294294219151,9.989451055511967,27.675236862057105
2020-06-05,82221,3193.929931640625,23.6,128.51,0.0,-1.0,-4.652025523074643,-26.653729809942362,-25.237070219326306,-5.7884764778647675,4.926535679366761,8.867131308419896,23.197132133196074
2020-06-12,82221,3041.31005859375,24.3,128.32,0.0067842605156037995,-0.9865229110512129,-2.1876667428919916,-26.379804934021813,-25.30415041620583,2.916504712212342,10.90122456030671,14.54965102126431,28.45483971285374
2020-06-19,82221,3097.739990234375,23.4,128.45,0.0013568521031207597,-0.997289972899729,-0.7954896509113407,-25.626773203636166,-25.25893168858374,2.818185164130571,9.665753834050662,11.868326699554066,23.030012665956455
2020-06-26,82221,3009.050048828125,24.3,128.34,0.001358695652173913,-0.9972862957937585,-0.42672045930637337,-23.72065378900445,-25.25770193931629,7.167708351166224,16.581976133358765,8.670839895500793,27.679496155356208
2020-07-10,82221,3185.0400390625,21.8,142.66,,,11.010816278888802,-12.214632945664883,-16.646216768916155,2.7026372375003938,4.895697690711676,12.562161177698105,22.85874116697293
2020-07-17,82221,3224.72998046875,22.0,142.98,,,11.42456359102244,-11.170477137176949,-19.101505035645594,3.924361096730644,2.937920098990854,10.320555848380586,23.251871106577337
2020-07-24,82221,3215.6298828125,22.4,143.25,,,11.521992993382657,-6.127129750982963,-18.934978212891185,4.889250957770042,2.575858576502399,13.145798187259805,25.010348320049314
2020-07-31,82221,3271.1201171875,22.5,143.79,,,12.038335670874222,-1.3109128345916266,-18.693808312128922,3.8531081221879315,2.363098936090502,13.08420310679368,26.219755214535834
2020-08-07,82221,3351.280029296875,22.4,144.64,,,1.3879153231459274,4.087507196315476,-18.129846606667797,4.676719912947203,3.755575845079595,9.315244590471394,24.891688496765063
2020-08-14,82221,3372.85009765625,23.0,145.92,,,2.056231640788919,8.265321264282521,-17.447386286490165,1.6042771458728788,3.2897981743868376,9.978499035192701,23.93583470489087
2020-08-28,82221,3508.010009765625,23.2,145.67,,,1.6893542757417057,11.037426633127524,-17.223548130469368,-5.374558183632338,-6.785899930885019,7.071247171564465,20.655302746386294
2020-09-11,82221,3340.969970703125,23.7,146.0,,,1.5369636275123444,12.758727216558551,-16.92745376955903,0.22298767235873207,7.3086538873989415,12.789101160551631,24.390817628529216
2020-09-18,82221,3319.469970703125,22.8,146.14,,,1.0370575221238854,13.383505314609367,-16.719854114429,4.749852333853255,7.171930171398633,15.725402085485074,26.65003450507919
2020-09-25,82221,3298.4599609375,22.9,146.43,,,0.34950657894738946,13.944440121391356,-16.42600308201587,5.619292028743295,10.304510006001255,12.605277439193173,28.238335065814034
2020-10-02,82221,3348.419921875,22.2,146.26,,,0.40502505663486676,13.980673316708225,-16.08720596672405,3.4932885788597767,10.473602579574903,16.07952911558681,26.849082268863977
2020-10-09,82221,3477.139892578125,21.7,155.97,0.0,-1.0,6.82876712328766,21.42467886337096,-9.692548202188645,-5.958343294810941,5.358428884528665,13.162834964558211,19.824060119228793
2020-10-16,82221,3483.81005859375,21.9,156.08,0.0,-1.0,6.801697002873985,21.614461586411092,-7.233283803863289,0.7356854243323996,6.475664566129913,12.139005721639574,22.874098280789077
2020-10-23,82221,3465.389892578125,22.2,156.78,0.001160092807424594,-0.9976825028968713,7.068223724646594,9.897658769101358,-3.5259368654236622,3.4558884707927673,6.858396122313581,9.977521158763224,25.594521213081055
2020-10-30,82221,3269.9599609375,22.0,157.1,0.0,-1.0,7.411459045535351,9.875507063925038,-2.3981113320079572,8.794605486317653,14.86593454442502,17.49195669982342,33.62701246760058
2020-11-06,82221,3509.43994140625,20.9,158.32,0.008130081300813009,-0.9838709677419355,1.5067000064114877,10.520069808027909,3.7483617300130945,3.673240129544575,8.982629579010748,12.363800313690776,23.300590079797324
2020-11-13,82221,3585.14990234375,22.0,159.47,0.002320185614849188,-0.9953703703703703,2.171963095848284,10.904791710132834,9.450926561427607,3.178952566787885,5.107181084298618,9.147461173049031,23.057338165367746
2020-11-20,82221,3557.5400390625,22.1,159.92,0.009269988412514484,-0.981630309988519,2.0028064804184176,10.564159292035402,15.083477259643052,2.977336044344625,7.981074802335808,11.72158276284334,23.547724477143483
2020-11-27,82221,3638.35009765625,22.4,159.89,0.002317497103128621,-0.9953757225433526,1.7759388924251995,9.573739035087714,18.63036058762426,1.9530779761656403,2.0858326038225794,10.486072238540679,21.937688799908628
2020-12-04,82221,3699.1201171875,22.7,160.08,0.0011614401858304297,-0.9976798143851509,1.1116725618999679,9.892222145946338,22.02149554081867,0.10651023166139417,5.074448922740538,11.615726818481686,20.78548028867717
2020-12-11,82221,3663.4599609375,22.9,160.4,0.008130081300813009,-0.9838709677419355,0.5831817896783109,9.86301369863014,23.880135928328716,2.527941028681946,7.407481454173026,14.249104930101787,21.242485771247566
2020-12-18,82221,3709.409912109375,22.8,160.66,0.0069767441860465115,-0.9861431870669746,0.4627313656828447,9.935678116874236,24.64892544029793,3.10750287141226,5.318906605172935,12.690967591066936,21.56569977522984
2021-01-01,82221,3756.070068359375,23.2,159.01,0.008073817762399077,-0.9839816933638444,-0.5503783851397825,8.591135696237107,23.7335615905377,2.2736504055967277,2.2861627042112698,12.686931303840666,18.70332546997655
2021-01-08,82221,3824.679931640625,23.5,159.02,0.00922722029988466,-0.9817142857142858,-0.6621689155422272,8.724189798988125,23.924563591022462,-2.88756035485761,3.10248591701372,9.12939572085567,15.904868213990287
2021-01-15,82221,3768.25,22.7,167.58,0.00909090909090909,-0.9819819819819819,4.476309226932673,7.443739180611675,30.4632152588556,3.1468208883433935,3.8439619891528,10.286203497147216,18.237377574968484
2021-01-22,82221,3841.469970703125,22.5,168.62,0.00404040404040404,-0.9919517102615694,4.954562429976361,8.034341363403374,31.385382577528432,2.430322458170542,3.4640403120219654,9.440133473482515,13.421166175744116
2021-01-29,82221,3714.239990234375,22.7,169.79,0.0020242914979757085,-0.9959595959595959,6.7794478334695985,8.298252328103061,19.017243796439075,5.1819476180638535,8.228604714738408,13.883059464120318,18.22983585594582
2021-02-05,82221,3886.830078125,22.1,171.33,0.0020242914979757085,-0.9959595959595959,7.74116463337946,9.057924888605996,19.827947964750336,-1.9470924702156722,6.225374449073562,9.277736768343825,15.038991345474017
2021-02-12,82221,3934.830078125,22.4,173.12,,,3.305883757011574,9.348155634158672,20.85165794066317,-2.3607153263150216,6.369782982806305,5.886407102435043,15.504349923782645
2021-02-19,82221,3906.7099609375,22.6,173.65,,,2.9830387854347107,8.891954599611207,20.76639543779124,0.9376208451454815,6.999750779345737,9.573022776568063,17.883844177348116
2021-03-05,82221,3841.93994140625,22.0,174.19,,,2.591436480358089,8.923211605802916,20.430033185840713,3.4513839278735636,10.168304611940604,13.732902422418691,21.887644499257974
2021-03-12,82221,3943.340087890625,21.6,174.58,,,1.8969240646705243,9.187566451935725,19.640899122807042,1.9407412901536691,5.8455523649477925,9.733374748427748,19.136565861113365
2021-03-19,82221,3913.10009765625,22.5,174.91,,,1.0339648798521228,9.264117941029482,20.072767213564923,5.512246087454886,6.20377091223403,12.744114102906302,17.416370716901564
2021-03-26,82221,3974.5400390625,22.3,175.6,,,1.122948459545059,9.476309226932656,20.273972602739732,5.307033611642864,5.776009851768915,10.585368933954387,14.18755708023407
2021-04-02,82221,4019.8701171875,22.3,175.23,,,0.5970491991503568,9.068841030748164,19.905570001368545,3.987686169314686,5.224547396028556,10.364760308108135,17.218215568318218
2021-04-09,82221,4128.7998046875,22.6,175.54,,,0.5498911673731177,10.395572605496506,19.879806050672656,1.2684101837062478,2.873477580193051,8.215467238866857,11.912428678979659
2021-04-16,82221,4185.47021484375,22.3,183.33,,,4.813904293636728,15.2873852345617,25.345275536715462,1.1260355561808488,-0.4544296949909099,6.121169041476837,12.909417496330722
2021-04-23,82221,4180.169921875,22.7,184.05,,,4.8120728929385015,9.828141783028999,18.003462204270072,-0.15118582107579437,2.4049327016928412,7.87528261924908,14.018814183596561
2021-04-30,82221,4181.169921875,22.3,185.01,,,5.581236089710662,9.720080654726605,18.535366478728843,-0.605334369725874,4.093828403851152,8.472754289483309,11.859356891644502
2021-05-07,82221,4232.60009765625,22.5,187.5,,,6.813261934601811,10.430531833441314,19.59433601224645,-0.6731142493422881,3.2355928713200255,5.339034523811592,10.165146483794807
2021-05-14,82221,4173.85009765625,22.1,189.96,,,3.616429389625253,10.873752407634395,20.916613621896897,1.3426461840104986,3.673108880451603,6.2086594069170165,5.368900140324473
2021-05-21,82221,4155.85986328125,21.6,190.12,,,3.2980168432491075,9.81977818853974,20.085901970692266,2.2036373010107413,6.158296578825939,7.209581820473976,6.640989914349338
2021-05-28,82221,4204.10986328125,21.8,190.5,,,2.9674071671801583,9.703426432479123,19.45820530507305,-0.8957822034497687,4.546738990178523,3.637635094100289,7.050717786039207
2021-06-04,82221,4229.89013671875,22.0,190.94,,,1.8346666666666733,9.615936620931166,19.39719859929965,1.2012146167267757,4.8849940810233194,3.816877077485792,4.462290837331739
2021-06-11,82221,4247.43994140625,21.9,191.52,,,0.8212255211623498,9.703287890938238,19.782350365876567,2.469720673884779,5.192776393224907,5.272121062813917,2.3880308416478258
2021-06-18,82221,4166.4501953125,22.1,191.93,,,0.9520302966547378,9.730718655308458,19.89630184907545,4.874643877982732,6.605616619925958,9.083264872745334,5.2370650506452066
2021-06-25,82221,4280.7001953125,22.0,192.17,,,0.8766404199475053,9.436218678815479,19.806733167082278,1.0853355483379845,5.341881268055171,7.58473316714714,1.125281371672493
2021-07-02,82221,4352.33984375,22.2,192.56,,,0.848434063056458,9.889859042401428,19.85559566787003,1.3659364260782958,4.206710381179657,7.931134833185105,-3.4011541026333747
2021-07-09,82221,4369.5498046875,21.7,199.34,,,4.083124477861322,13.558163381565457,25.36318470536445,0.5883892411506331,2.0375159322361114,7.170081746926238,2.14141769020737
2021-07-16,82221,4327.16015625,21.6,199.63,,,4.011879331006085,8.891070746740848,25.53766821783423,2.5272894769863052,2.4457166895508253,8.569125969417367,4.989413253676589
2021-07-23,82221,4411.7900390625,21.8,200.07,,,4.110943435499825,8.704156479217584,19.387755102040806,1.274085131880942,0.990299652055393,4.144124641159297,3.0388985656996326
2021-07-30,82221,4395.259765625,21.7,201.27,,,4.523265475695881,8.788714123560904,19.36306487961097,1.0559138418386738,-0.8695669562334807,3.257382220636318,2.116371374878745
2021-08-06,82221,4436.52001953125,21.6,204.7,,,2.6888732818300287,9.173333333333321,20.56069262029565,1.64205497406833,-1.0183697037847161,6.2098220854891695,-0.9901944674621688
2021-08-13,82221,4468.0,21.6,205.41,,,2.895356409357319,8.13329121920403,19.891437576606542,1.509180299490831,0.07542786901297838,3.416296703642563,-4.391678935625565
2021-08-20,82221,4441.669921875,21.7,205.89,,,2.908981856350268,8.294761203450452,18.92906654343807,0.380716184395391,2.324125436704505,6.39669588656786,-6.973497615576907
2021-08-27,82221,4509.3701171875,21.4,206.32,,,2.509067421871114,8.304461942257223,18.813705729916496,-1.693803809125749,2.1291169970514945,5.695031721058252,-8.560625173927116
2021-09-03,82221,4535.43017578125,21.6,206.77,,,1.011235955056189,8.29056248036033,18.70371433492164,-1.7627918899385975,3.5740735297964843,3.1220767134973793,-11.278759971539188
2021-09-10,82221,4458.580078125,21.9,206.75,,,0.652353828927521,7.952172096908927,18.42708213999311,-2.277407544179433,5.030077190529325,4.581503885810068,-12.497700185693583
2021-09-17,82221,4432.990234375,21.7,206.88,,,0.48083928311235535,7.789298181628723,18.277971528214508,-0.9395552081759129,5.977223331281656,-0.7906693025614531,-6.197848077117108
2021-09-24,82221,4455.47998046875,21.6,207.06,,,0.3586661496704169,7.748347817037016,17.91571753986334,0.35664253432641235,3.122898931847784,-0.5303554929229848,-7.786814056557589
2021-10-01,82221,4357.0400390625,21.5,206.6,,,-0.08221695603811696,7.291233901121719,17.90218569879587,4.311639590112004,4.163150558464457,3.2932850009940395,-10.469950414749473
2021-10-08,82221,4391.33984375,20.9,206.32,,,-0.2079806529625139,3.5015551319353744,17.534465079184237,4.8741397085705795,7.30255883606139,0.621684814660961,-16.31619918643139
2021-10-15,82221,4471.3701171875,20.6,213.65,,,3.272428460943555,7.022992536191963,16.53848251786396,5.057950069921846,3.3383507877702057,-2.739652428438488,-12.515853357832373
2021-10-22,82221,4544.89990234375,20.8,213.77,,,3.240606587462569,6.8476033388314095,16.147785927737026,3.035274665595189,3.9800686616985104,-3.5259302392415925,-15.832468034063341
2021-10-29,82221,4605.3798828125,21.2,214.69,,,3.9157792836398864,6.667660356734717,16.042376087779054,2.01025931586043,3.4915750070665164,-6.004059874777057,-15.329897162985972
2021-11-05,82221,4697.52978515625,21.3,215.32,,,4.362155874369922,5.188080117244742,14.837333333333325,-2.1907187963753794,-0.43639957461851786,-10.499555066601761,-17.761885740105466
2021-11-12,82221,4682.85009765625,21.8,214.95,,,0.608471799672361,4.644369796991388,13.15540113708149,-3.084017614556611,-0.4270903313776775,-4.692227508600455,-15.401309027694865
2021-11-19,82221,4697.9599609375,21.6,214.77,,,0.46779248725266065,4.312982660644038,12.965495476541133,0.29928008562558617,-6.386176596349269,-3.2971737441721216,-12.08332822320859
2021-11-26,82221,4594.6201171875,21.9,215.03,,,0.1583678792677734,4.221597518417997,12.876640419947517,0.5663149263181566,-3.542621922590772,-1.0612466898808015,-9.781661254213969
2021-12-03,82221,4538.43017578125,21.8,216.03,,,0.3297417796767732,4.478405958311171,13.14025348276946,4.128296702262202,-0.8350991236408256,-1.1050162431190613,-5.690960606065499
2021-12-10,82221,4712.02001953125,21.2,215.97,,,0.47452896022330826,4.459492140266019,12.766290726817031,1.1494042051075182,-6.226201960018097,-6.779049631733669,-10.26184178034546
2021-12-17,82221,4620.64013671875,21.6,215.87,,,0.5121758159891909,4.345514307811293,12.473297556400764,1.220386067060053,-5.881653006724774,-7.550043743727586,-12.184030955701374
2021-12-24,82221,4725.7900390625,21.5,216.9,,,0.8696460958935948,4.752245725876558,12.868814070874745,-1.3318395630360302,-7.218690079308421,-12.566361568595196,-16.960762595705205
2021-12-31,82221,4766.18017578125,21.7,216.08,,,0.023144933574048565,4.588576960309787,12.214374740340684,-7.726108136787757,-9.175273331375234,-13.487537363731295,-14.662057299267495
2022-01-07,82221,4677.02978515625,22.1,216.14,,,0.07871463629207653,4.759596742923611,8.427811778870264,-5.242209238823758,-10.107263547108403,-13.964843556289319,-17.183976667884316
2022-01-14,82221,4662.85009765625,21.7,216.24,,,0.17139945337472096,1.2122630470395412,8.320392726544124,-3.4811394126006534,-4.283431298148377,-16.330998730092837,-20.794580500772973
2022-01-21,82221,4397.93994140625,20.8,223.57,,,3.075149838635305,4.584366375075999,11.745888938871385,0.47067935415874285,3.2997293987852228,-5.450272405370904,-18.470461967222985
2022-01-28,82221,4431.85009765625,20.0,223.66,,,3.5079600148093304,4.178117285388239,11.124360312018666,-1.8723553062553577,2.5725095188867675,-7.295148785937733,-17.874931870232224
2022-02-04,82221,4500.52978515625,19.4,223.57,,,3.4375867493291468,3.8315065948355986,9.218368343917938,-2.574805375018241,-0.2721901772631985,-13.324424153623404,-20.38559370994192
2022-02-11,82221,4418.64013671875,19.9,225.02,,,4.060303366629681,4.684810421028152,9.54676013826008,-2.0316209682989195,-0.5895545272463609,-16.83323433938808,-15.070024172940123
2022-02-18,82221,4348.8701171875,20.0,225.15,,,0.7067137809187329,4.8330772454253434,9.35450968964011,-3.324083145698542,-1.7726519752009895,-10.051579264818923,-10.29715872230642
2022-02-25,82221,4384.64990234375,19.4,225.41,,,0.782437628543331,4.82723340929172,9.252617293524622,1.7896574775971175,-5.763737862569429,-12.756316619937525,-14.005675873628288
2022-03-04,82221,4328.8701171875,19.0,225.7,,,0.9527217426309464,4.4762301532194515,9.155099869420113,4.9479410471527485,-4.747896515108074,-9.921532010621814,-7.7604588830939125
2022-03-11,82221,4204.31005859375,19.3,225.6,,,0.2577548662340945,4.458952632310043,9.117291414752104,8.12380152575476,-4.2913144725575165,-8.114295609265376,-5.683928334796873
2022-03-18,82221,4463.1201171875,18.8,226.46,,,0.5818343326671194,4.905730300643918,9.46442382057231,0.5637237472471357,-12.586710530202494,-11.236314981614726,-9.791356461976243
2022-03-25,82221,4543.06005859375,19.4,227.41,,,0.8872720819839364,4.845550945136012,9.82806915869796,-3.3120894926123023,-8.4704982821175,-9.085726673378336,-10.375387983925943
2022-04-01,82221,4545.85986328125,19.9,227.28,,,0.7000443066016881,5.183265457238062,10.009680542110356,-6.029224093308638,-9.62017830226486,-8.813952341808273,-13.451360113582055
2022-04-08,82221,4488.27978515625,19.9,227.46,,,0.824468085106389,5.237346164523005,10.24621946490889,-7.9395587270100325,-13.087857839814355,-4.637186021709971,-14.168450011461054
2022-04-15,82221,4392.58984375,19.2,234.18,,,3.4089905502075357,8.29633740288569,9.60917388251814,-6.129641272633335,-16.34001309912023,-3.736061620111286,-12.470314663455762
2022-04-22,82221,4271.77978515625,19.0,233.83,,,2.8230948507101727,4.589166703940606,9.383917294288246,-5.802965158445261,-8.428332288404839,-5.012427695615473,-10.11943046920052
2022-04-29,82222,4131.93017578125,18.2,235.91,1.32,0.13793103448275862,3.797078493488204,5.4770633998032725,9.884018817830365,-5.580202436886039,-7.420263281633965,-5.0259843990795305,-5.732190225394296
2022-04-29,82221,4131.93017578125,18.8,234.04,,,2.8928163193528533,4.683097016594351,8.6940367824633,-5.580202436886039,-7.420263281633965,-5.0259843990795305,-5.732190225394296
2022-05-06,82222,4123.33984375,17.6,235.41,1.31,0.1341991341991342,0.5252369971816551,4.617367345124879,9.518492672714585,0.8464107240129692,-5.43151836676693,-1.3576309120621466,-3.0133280439570864
2022-05-06,82221,4123.33984375,18.2,234.97,,,0.48753367831329,4.361536753275597,9.405410439074346,0.8464107240129692,-5.43151836676693,-1.3576309120621466,-3.0133280439570864
2022-05-13,82222,4023.889892578125,16.6,236.73,1.21,0.09502262443438912,0.34759018269678865,5.021959984029101,10.091615123471144,2.1036894334635736,-3.994393106163485,-3.741648466346592,-1.2743834082247885
2022-05-13,82221,4023.889892578125,17.7,234.44,,,0.1709109553922339,3.8723969871510944,8.521964541961768,2.1036894334635736,-3.994393106163485,-3.741648466346592,-1.2743834082247885
2022-05-20,82222,3901.360107421875,16.4,237.5,1.08,0.03846153846153849,0.8878127522195411,5.274822695035453,9.968977172755466,-0.012816043283181422,1.5448401001478596,-5.334809431131005,4.336947795462209
2022-05-20,82221,3901.360107421875,16.7,235.25,,,0.11916414861472546,3.8814801730989945,8.977625422708101,-0.012816043283181422,1.5448401001478596,-5.334809431131005,4.336947795462209
2022-05-27,82222,4158.240234375,17.2,236.43,0.94,-0.03092783505154642,-0.12672665061461696,3.966404291807746,9.00414937759335,-11.625113491237048,-0.6721640342336022,-13.770731966224826,-0.5233043951228256
2022-05-27,82221,4158.240234375,16.6,235.22,,,0.3327077290564695,3.4934882083773378,8.857830433172897,-11.625113491237048,-0.6721640342336022,-13.770731966224826,-0.5233043951228256
2022-06-03,82222,4108.5400390625,17.5,238.47,1.08,0.03846153846153849,0.408421052631569,4.840411500923225,10.331266771536974,-4.790023876048954,0.8920419904709709,-11.412329501360185,-0.4400608964036157
2022-06-03,82221,4108.5400390625,17.4,233.49,,,-0.7481402763018008,-0.29464514476044146,7.977247502774687,-4.790023876048954,0.8920419904709709,-11.412329501360185,-0.4400608964036157
2022-06-10,82222,3900.860107421875,16.8,239.21,0.81,-0.1049723756906077,1.1758237110349734,2.3008168327417255,6.995571856689198,-1.9362403987051358,9.723234991181261,-8.14666587140268,4.5689918520698924
2022-06-10,82221,3900.860107421875,17.8,235.17,,,-0.021256695859195318,-0.3136789453605182,5.146204059733517,-1.9362403987051358,9.723234991181261,-8.14666587140268,4.5689918520698924
2022-06-17,82222,3674.840087890625,15.3,239.86,0.75,-0.14285714285714285,0.5828825428775275,2.486754400957114,7.286308538712727,6.110192268278047,15.065686651304521,2.120089860946739,8.033001276562235
2022-06-17,82221,3674.840087890625,17.1,235.61,,,0.9079617970791043,0.08495815810714014,4.7062483334814775,6.110192268278047,15.065686651304521,2.120089860946739,8.033001276562235
2022-06-24,82222,3911.739990234375,15.8,239.87,0.51,-0.32450331125827814,0.27590819781782017,2.08537260075754,6.53786364645792,-1.2419045807308238,3.730307286253387,-0.2730225338925196,3.423026649982619
2022-06-24,82221,3911.739990234375,15.5,236.06,,,0.37844963218098826,-0.2830228530393275,4.724723836564482,-1.2419045807308238,3.730307286253387,-0.2730225338925196,3.423026649982619
2022-07-01,82222,3825.330078125,15.8,239.72,0.5,-0.3333333333333333,-0.05836738097223515,2.2521753966899816,6.211785556047866,3.563086110318303,2.58618026732782,-1.4320340513916063,0.9478923132143935
2022-07-08,82222,3899.3798828125,16.3,239.78,0.48,-0.35135135135135137,1.7698739442298717,0.9600000000000053,6.28546099290781,5.921714815932511,4.307870216743703,2.39910066830038,0.4426347338381431
2022-07-15,82222,3863.159912109375,15.8,239.44,0.41,-0.41843971631205684,-0.17926376787427145,1.781083953241236,5.731696546851528,7.300501033178297,0.26326029072070156,2.6449895449825567,2.791240346717161
2022-07-22,82222,3961.6298828125,16.7,239.42,0.52,-0.3157894736842105,1.4233669406083171,1.2646449266167537,5.281210149069948,8.040125628927285,-6.774986818132634,1.6278712621486946,3.727763071001644
2022-07-29,82222,4130.2900390625,17.1,238.11,0.77,-0.12994350282485875,-0.671616886367421,1.228637020661516,4.765047518479415,2.3773134689722086,-13.187207598588646,-1.4185465750953363,-0.6118219130438085
2022-08-05,82222,4145.18994140625,17.5,236.69,0.98,-0.01010101010101011,-1.288681291183591,-0.7464251268503364,4.057856326387044,-2.111604788541499,-12.195581781359211,-5.085654977784515,-0.1821341071029159
2022-08-12,82222,4280.14990234375,17.8,236.78,0.69,-0.18343195266272194,-1.1109254928165724,1.4090539209387964,1.1102570672132606,-8.314893185942962,-16.286341597584318,-9.994738611552446,-3.425811856080263
2022-08-19,82222,4228.47998046875,18.1,237.05,1.34,0.14529914529914534,-0.9898922395789711,-0.9029722837674004,1.377068810674431,-3.810349671538804,-11.250614468228193,-9.073234682001363,-1.395300445373271
2022-08-26,82222,4057.659912109375,17.7,237.26,0.65,-0.21212121212121213,-0.35697786737223236,0.8887187991665657,0.5722521300495886,-4.54276203469578,-3.8593636950272736,-5.376495734852371,1.9368327950818776
2022-09-02,82222,3924.260009765625,16.7,237.6,0.89,-0.05820105820105819,0.3844691368456665,-0.9422162928374944,1.5211075029909482,-5.88722532966599,-3.916915814828492,-0.7435779374457829,5.091917147745506
2022-09-09,82222,4067.360107421875,16.8,237.92,,,0.4814595827350221,0.9804337676668995,1.0662248842445043,-11.844045708058271,-1.829938186329616,-1.6784847598488972,3.0639006568284
2022-09-16,82222,3873.330078125,16.4,238.18,0.8,-0.11111111111111108,0.4766926808690064,-0.7045482969942007,1.3661318466187122,-6.03279765221404,2.3754755703692787,2.5631698640291134,8.574536909807406
2022-09-23,82222,3693.22998046875,15.8,237.22,0.77,-0.12994350282485875,-0.016859141869673966,0.49140049140048436,0.2069868626705551,-2.982752568671432,9.013523080858853,10.216804264030932,15.951894136957478
2022-09-30,82222,3585.6201171875,15.3,237.25,0.55,-0.29032258064516125,-0.1473063973063904,-1.0303687635574876,1.1986009213444726,4.661115158612894,13.556367325539442,15.363029135203954,19.89167069525488
2022-10-07,82222,3639.659912109375,15.8,236.85,0.31,-0.5267175572519084,-0.44973100201748384,-1.2219534573358892,-0.27368421052631486,7.181993724597202,8.097459043428024,12.385773938061773,21.153897623209804
2022-10-14,82222,3583.070068359375,15.5,236.11,0.33,-0.5037593984962405,-0.8690906037450596,-1.3907450718342762,0.3655685441020351,5.232383874496582,7.515623025083706,13.843436217209359,21.357662428187574
2022-10-21,82222,3752.75,15.6,235.53,0.43,-0.39860139860139865,-0.7124188516988483,-1.6247598362709836,-0.3806623524933439,6.400104766920922,2.453402660965298,5.790154928052771,18.58983099893412
2022-10-28,82222,3901.06005859375,16.3,233.34,0.62,-0.2345679012345679,-1.6480505795574252,-2.0032757969005943,-0.7992517643057528,1.6477580024760297,-1.5780341155768096,3.70616785726936,12.762944667358678
2022-11-04,82222,3770.550048828125,16.1,230.8,0.6,-0.25,-2.5543592991344677,-2.4884870505724743,-3.2163374847989257,6.778057976947038,3.302701931660579,2.4145028678453695,19.489725995687834
2022-11-11,82222,3992.929931640625,17.2,229.82,0.79,-0.11731843575418992,-2.664012536529592,-2.9394374524875477,-1.571801790226568,1.972737335235042,0.15427659276427974,-1.9106280442831025,13.609302477444118
2022-11-18,82222,3965.340087890625,17.2,229.87,,,-2.403090901371374,-3.0288968572031227,-3.9045190418460773,-0.7807704860592235,0.18333911770773703,0.14248216340897457,15.557048800479588
2022-11-25,82222,4026.1201171875,17.5,230.17,,,-1.3585326133539133,-2.9882828964005737,-2.126121529106606,-4.315817827288459,1.1037907492261745,2.066255824090102,11.224445739697341
2022-12-02,82222,4071.699951171875,17.7,230.38,0.94,-0.03092783505154642,-0.18197573656846266,-3.0387205387205407,-3.952305511548415,-5.5721169421435786,1.590982392458229,0.8183330981887504,9.636020782982868
2022-12-09,82222,3934.3798828125,17.2,230.49,0.79,-0.11731843575418992,0.291532503698555,-3.122898453261591,-2.1730826365604194,-2.4115587624618184,3.9670820503846738,5.166258977537996,11.064769826288433
2022-12-16,82222,3852.360107421875,16.9,230.2,0.6,-0.25,0.14355940314090265,-3.350407255017218,-4.031350314753834,1.1089298381223855,5.8854825132244715,7.298380843672914,14.363918171864377
2022-12-23,82222,3844.820068359375,16.7,229.55,0.73,-0.15606936416184972,-0.26936612069339283,-3.2332855577101416,-2.757773447428613,4.012411940959271,3.256848655509592,8.444085973779014,17.450750340527033
2022-12-30,82222,3839.5,16.8,229.49,0.55,-0.29032258064516125,-0.3863182567931167,-3.270811380400418,-4.267478725179375,3.466860461567256,5.368925448056383,7.728870946737865,16.09559146698789
2023-01-06,82222,3895.080078125,16.6,229.57,0.78,-0.12359550561797751,-0.39914963772832435,-3.073675321933711,-4.258069897405958,4.505170033711403,-0.8598023548336498,5.8792116055861765,14.254899384790809
2023-01-13,82222,3999.090087890625,16.6,230.04,0.77,-0.12994350282485875,-0.06950477845352188,-2.570835627461787,-3.925826929502174,3.4355288217723823,-2.0617238796935777,4.823344519349582,8.026075023291735
2023-01-20,82222,3972.610107421875,17.1,228.46,0.65,-0.21212121212121213,-0.474842082335003,-3.001740754893212,-4.577729512989714,2.9665597762904117,-0.040782184601328986,5.861136169784675,7.940363859929289
2023-01-27,82222,4070.56005859375,17.8,227.76,0.7,-0.17647058823529416,-0.7538454834633446,-2.391360246850094,-4.34673050270884,0.2095541933810008,0.9519574565222566,5.203462313412555,5.845385843255446
2023-02-03,82222,4136.47998046875,18.4,226.59,0.9,-0.05263157894736841,-1.2980790172931966,-1.8240901213171568,-4.2671849254298895,-4.02370958380388,-0.7605490921277158,3.925557081847608,4.624700363370837
2023-02-10,82222,4090.4599609375,18.1,225.76,0.8,-0.11111111111111108,-1.8605459920013945,-1.766599947785219,-4.654109299771947,-1.0957219673922047,1.1534198166417653,7.801809230748669,3.268585845828853
2023-02-17,82222,4079.090087890625,18.1,226.28,0.95,-0.025641025641025664,-0.9542151799002085,-1.5617522947753093,-4.54334528580469,-5.332071499123803,1.3343645388516512,6.600491394726804,0.9384453020666372
2023-03-03,82222,4045.639892578125,17.6,226.11,0.59,-0.25786163522012584,-0.7244467860906156,-1.763913629056768,-4.699485796172964,-1.8451939452322041,2.2396977938669904,8.733112983746661,9.135769658464167
2023-03-10,82222,3861.590087890625,17.3,226.82,1.0,0.0,0.10150492078202511,-1.5452730271725001,-4.53703703703704,6.414973238095323,6.797458670134482,16.672661243960874,16.895369958778094
2023-03-17,82222,3916.639892578125,17.4,227.16,1.07,0.03381642512077297,0.6201275690999264,-1.4447481452557698,-4.522528581035634,4.809738248086015,7.030007747518052,15.822234572705597,16.409472629581433
2023-03-24,82222,3970.989990234375,17.4,227.4,0.62,-0.2345679012345679,0.49496199398975094,-1.2163336229365718,-4.525988748005705,4.196690167797157,5.904326267623916,15.392634877890954,15.704897119151816
2023-03-31,82222,4109.31005859375,17.8,227.08,0.71,-0.16959064327485382,0.42899473707487257,-1.0760182966673915,-4.274513110193068,0.5891490442992975,4.211413987412116,8.972789137470926,12.047279264275446
2023-04-07,82222,4105.02001953125,18.1,226.95,0.68,-0.19047619047619044,0.05731416982628357,-1.1068020393045552,-4.341412012644897,1.5702715365773168,4.722019450032655,8.74611532825722,14.961435485158292
2023-04-14,82222,4137.64013671875,18.3,227.14,0.7,-0.17647058823529416,-0.008804366966019828,-1.0585006751753334,-4.099641123073683,-0.033597332605450614,6.572579974219628,5.608748381940898,14.911633822825344
2023-04-21,82222,4133.52001953125,18.1,227.59,0.79,-0.11731843575418992,0.08355321020228068,-1.065032168318547,-3.608487569353269,-0.22837536437819717,5.19678282864855,6.584943102250107,15.393902910524893
2023-04-28,82222,4169.47998046875,18.1,228.42,1.45,0.18367346938775508,0.5901004051435566,-0.01750853541102604,-3.0187237294612257,0.5396356405450442,6.737048832458248,8.305353201949384,12.657699674262911
2023-05-05,82222,4136.25,17.7,229.58,1.52,0.20634920634920637,1.158845560696209,0.7990867579908745,-1.611382531927652,1.6730177168328808,6.3511682154729465,7.766460788757934,15.65621222423692
2023-05-12,82222,4124.080078125,18.0,229.36,1.28,0.12280701754385964,0.9773707845381896,1.2224723068096521,-0.6239168110918514,3.8381902403424206,9.246664383960624,7.910606484684801,17.354900169498034
2023-05-19,82222,4191.97998046875,18.3,229.8,0.93,-0.03626943005181344,0.9710444219868997,1.7895109851169488,-0.008702462796961186,2.5496277012408086,8.214730625758948,3.055359966453808,16.674464993433457
2023-05-26,82222,4205.4501953125,18.1,229.59,1.06,0.029126213592233035,0.5122143420015934,1.4627894643804096,-0.1218079784225834,4.854168732399655,8.9593210633244,1.9641086099906113,17.909132981963282
2023-06-09,82222,4298.85986328125,18.5,232.08,0.79,-0.11731843575418992,1.0889450300548775,2.640307814780418,0.8298214363296808,3.5246559401821864,3.8426454143625666,0.6727346969837233,16.43947426558072
2023-06-16,82222,4409.58984375,19.1,232.27,0.62,-0.2345679012345679,1.2687478200209323,2.4027863504100244,0.8203837138640591,-0.24128431020813412,-0.9043898463487299,-4.205145922195497,15.403018988266881
2023-06-23,82222,4348.330078125,18.9,232.07,0.77,-0.12994350282485875,0.9878154917319248,2.161472090156713,0.6854961169681983,3.6126476354742865,1.31958434115107,-5.311463407513206,18.139147346884688
2023-06-30,82222,4450.3798828125,18.9,232.31,0.67,-0.19760479041916165,1.1847205888758205,2.1591908531222392,0.9165942658557746,1.9315196275598856,1.4693158436044573,-2.0681389338910505,15.129271575087188
2023-07-07,82222,4398.9501953125,19.0,232.36,0.72,-0.16279069767441862,0.12064805239573317,2.3251717456403087,1.224134175560887,4.166443742680981,1.330772944983094,0.3703165150598542,16.325250720109217
2023-07-14,82222,4505.419921875,19.4,231.92,0.68,-0.19047619047619044,-0.15068670082233337,2.1899096717338695,1.0588696675236209,-0.6079374884850108,-1.2229736320187312,0.19088337614201478,16.175190471545765
2023-07-21,82222,4536.33984375,19.5,232.44,0.94,-0.03092783505154642,0.15943465333736473,2.3333626838073496,1.2501633488696262,-1.593576353458137,-4.767715660770699,0.5070166872900517,15.827964364166803
2023-07-28,82222,4582.22998046875,19.4,233.44,1.21,0.09502262443438912,0.48641900908268365,2.5704117052594455,1.4780038254216699,-4.637916918991259,-6.420022064260422,0.27060846785524895,13.576574417541787
2023-08-04,82222,4478.02978515625,19.2,234.84,1.49,0.1967871485943775,1.067309347564116,2.8106120304701943,2.792611398056555,-1.6149920319528777,-3.785811914833759,2.8213374651960166,14.412150031539618
2023-08-11,82222,4464.0498046875,19.0,235.36,1.43,0.17695473251028807,1.4832700931355802,2.5176409094868957,3.336845802599231,1.1585940369536418,-3.0526097488464132,5.71544108783999,11.271831583350234
2023-08-18,82222,4369.7099609375,18.5,236.8,1.31,0.1341991341991342,1.8757528824642877,3.243808859434938,4.50593583123704,2.0088352367136686,-3.3308802183354302,8.808820844311072,16.71163547530574
2023-08-25,82222,4405.7099609375,18.4,237.92,1.45,0.18367346938775508,1.9191226867717681,3.5335073977371456,5.386250885896526,1.0125465288631341,-6.544685108791038,8.264731914172984,16.389641726922655
2023-09-01,82222,4515.77001953125,18.9,239.11,1.21,0.09502262443438912,1.8182592403338527,4.146522061065383,5.66996641329327,-4.333922234547616,-3.4862310325890267,4.018588503375264,15.654255048253752
2023-09-08,82222,4457.490234375,18.6,239.64,,,1.8184908225696628,3.2574974146845737,5.983813188271192,-3.8012518430398323,-0.9478427944536794,7.321156673173457,18.97434970544225
2023-09-15,82222,4450.31982421875,18.8,240.13,0.61,-0.24223602484472054,1.4062499999999867,3.3839927670383574,5.868089233753637,-3.186733309524481,1.4313621903271345,8.751960527766677,19.19862896089697
2023-09-22,82222,4320.06005859375,18.0,239.97,0.96,-0.02040816326530614,0.8616341627437851,3.404145300986783,5.639197041732702,0.178694889834774,5.53880691265527,13.215329150674826,22.16287954438567
2023-09-29,82222,4288.0498046875,17.9,240.68,0.88,-0.06382978723404255,0.656601564133652,3.6029443416125018,5.839929639401942,-1.4899465105945975,7.149638928863666,15.637879435558899,24.695152293471835
2023-10-06,82222,4308.5,17.7,240.91,0.54,-0.2987012987012987,0.5299616090802983,3.6796350490617913,6.090364629205558,-4.4361119371591045,6.867125848613198,16.667282425002906,26.067078975426483
2023-10-13,82222,4327.77978515625,18.0,241.21,0.57,-0.2738853503184714,0.4497563819597872,4.005691617799245,6.283322317691131,0.7061370982545556,9.04413291989783,15.661380031101313,26.268442214423015
2023-10-20,82222,4224.16015625,17.7,241.54,0.69,-0.18343195266272194,0.6542484477226385,3.914988814317666,6.339702386193546,4.523504579775017,12.557992759285552,20.46891255195884,29.26782552005067
2023-10-27,82222,4117.3701171875,17.1,241.42,0.65,-0.21212121212121213,0.3074621904603614,3.4184372858121925,6.076716903203128,9.633574127523282,15.846521987758134,24.76605046218301,35.21227829790281
2023-11-03,82222,4358.33984375,17.9,241.71,0.92,-0.04166666666666665,0.33207421858785224,2.925396014307613,5.818229577094836,4.611847795399449,7.775905568974717,17.560587863605615,28.841492379462874
2023-11-10,82222,4415.240234375,18.0,241.85,0.98,-0.01010101010101011,0.265328966460765,2.7574779061862564,5.344542207509351,4.062964616078091,8.348126583924742,15.896068438376831,24.681777384175806
2023-11-17,82222,4514.02001953125,18.6,242.0,0.75,-0.14285714285714285,0.1904446468493859,2.195945945945943,5.510987094523889,2.00154401764554,7.217292738022252,15.953853840568112,20.93655043699032
2023-11-24,82222,4559.33984375,18.7,243.43,,,0.8325739375362629,2.3159045057162153,5.93124456048737,3.505992164093108,7.273648871521465,15.243659778048313,17.266100835253194
2023-12-01,82222,4594.6298828125,18.7,243.69,1.33,0.14163090128755368,0.8191634603450293,1.9154364100204768,6.1413824643930415,3.482326195599006,7.921856379124659,13.270056054314416,16.313180659911875
2023-12-08,82222,4604.3701171875,18.8,244.3,1.08,0.03846153846153849,1.013024602026058,1.9445835419796387,5.2654257152706,3.5935417163763583,9.170412789310433,11.272769691667328,20.62996367878258
2023-12-15,82222,4719.18994140625,19.3,244.12,0.83,-0.092896174863388,0.8760330578512443,1.6615999666847125,5.1018211564128,-0.46511599032416084,6.068411875093194,5.255987619531743,19.397818974038117
2023-12-22,82222,4754.6298828125,19.5,243.38,0.91,-0.04712041884816752,-0.020539785564643864,1.4210109597032838,4.873529538501309,0.6141423419319336,7.0283056749167905,7.263027546546419,18.797888406879725
2024-01-05,82222,4697.240234375,19.5,244.62,0.96,-0.02040816326530614,0.3816324018219852,1.6370284194781481,5.298953983900834,4.124336223023239,9.078728907890143,11.18614154671107,19.772882348220588
2024-01-12,82222,4783.830078125,20.0,244.66,1.15,0.06976744186046507,0.1473598035202528,1.556597899630563,5.293510070580121,3.653553372546914,6.966379661955302,10.85824397863735,19.2046897895376
2024-02-02,82222,4958.60986328125,20.4,246.9,1.04,0.01960784313725492,1.1387842044896068,2.3589403424401967,6.459123835805469,2.6255330626091977,4.955622386999892,7.832444612546063,17.271371321563954
2024-02-09,82222,5026.60986328125,20.5,247.55,0.89,-0.05820105820105819,1.7133700386227302,2.488200712097388,6.500602305971448,2.1977081541720844,1.9257570331022489,8.056925947911786,16.672470738492606
2024-03-01,82222,5137.080078125,20.6,250.02,1.0,0.0,2.207505518763808,3.5622566481650297,7.102467443454419,1.890180728732016,-0.1808427924271494,8.372652494026077,16.711048842571905
2024-03-08,82222,5123.68994140625,20.9,250.74,0.86,-0.07526881720430109,2.485081337366135,3.7358818418766315,6.770567194685739,2.550118327693718,1.9320106311474294,9.59582179781664,14.577973771306052
2024-04-05,82222,5204.33984375,19.9,253.16,1.31,0.1341991341991342,2.5354394491696963,4.676452346495763,7.56288239292997,-2.005631568004773,2.740989153433393,2.6866099581854375,16.270075080067635
2024-05-03,82222,5127.7900390625,20.4,257.81,0.96,-0.02040816326530614,4.144617249040583,6.533057851239676,8.872466216216202,3.450417712765752,8.568991690308847,5.472725690301594,13.636478769084736
2024-05-10,82222,5222.68017578125,20.2,259.1,0.93,-0.03626943005181344,3.631709463242938,6.437168795957771,8.90215198386013,1.0498362526200067,7.518551943806551,7.722851681027265,14.8195936649131
2024-06-07,82222,5346.990234375,21.0,261.01,0.78,-0.12359550561797751,4.095876206428972,7.107390537157854,9.158964493329425,2.122497725246286,-0.05292843264993463,8.753327204008965,14.356481212598071
2024-08-02,82222,5346.56005859375,21.0,266.82,1.12,0.05660377358490571,5.395797124348234,9.218174375767486,11.342013019529308,5.3875725986563205,7.56579485111768,13.910064654414644,0.31421707608982885
2024-10-04,82222,5751.06982421875,21.6,269.35,0.86,-0.07526881720430109,4.476164617353873,10.335081107651977,12.168408778578277,0.9919944412516424,5.898036464173484,4.7803351125822235,3.9279716214484894
2024-11-01,82222,5728.7998046875,21.9,271.47,0.77,-0.12994350282485875,4.774218448475498,11.541622154655284,13.126640830103774,4.198785910893266,3.7297587180724623,0.7226712755981524,9.268087791758028
2024-11-08,82222,5995.5400390625,22.0,272.35,,,4.344661124094884,11.335949636170394,13.158550772810385,0.6144541360741274,-2.810422395683776,-5.9477560875735636,5.024568229672033
2025-01-03,82222,5942.47021484375,22.2,276.15,0.77,-0.12994350282485875,3.496739374859459,12.870922913430881,14.627869328794985,2.671784860354154,-2.8989631130322713,-4.754925954663447,10.800556014829365
2025-01-10,82222,5827.0400390625,22.0,276.41,0.91,-0.04712041884816752,2.6211249303879747,11.952207371405432,14.59309315534183,3.663776886079151,-3.2280556920029846,2.2539718771373174,14.369556732159761
2025-02-07,82222,6025.990234375,21.2,276.5,0.55,-0.29032258064516125,1.8528750874866384,11.694607150070691,14.473793160553129,-1.186364922518246,-10.996207184568663,-0.8134765843399006,10.587795639137365
2025-03-07,82222,5770.2001953125,20.5,278.18,0.73,-0.15606936416184972,2.1406278685514923,11.263098952083839,15.226576091458877,-3.279959923400888,-1.9113728350724446,8.484104331166753,16.70496057921518
2025-04-04,82222,5074.080078125,19.9,276.06,0.59,-0.25786163522012584,-0.03259098316131803,10.098109595597027,14.21124488022838,8.890870381754091,18.25512744959543,25.923321999946893,34.55463948398898
2025-05-02,82222,5686.669921875,21.1,277.48,1.14,0.06542056074766352,0.38710611048804466,9.606572918312528,14.732272069464546,2.042494182701793,10.422271451018773,13.977074263929312,22.50191906442389
2025-05-09,82222,5659.91015625,21.2,278.32,1.28,0.12280701754385964,0.658227848101256,7.955471083355947,15.008264462809917,4.448476710857685,10.598045325642168,16.332059295883816,22.616959881623554
2025-06-06,82222,6000.35986328125,21.8,281.12,1.4,0.16666666666666663,1.0568696527428312,8.498649170204553,15.482890358624646,2.878326714942303,6.484449947948279,9.20194646528769,13.929332200697274
2025-07-04,82222,6279.35009765625,22.3,285.28,1.73,0.2673992673992674,3.3398536550025337,9.298494310562798,17.066765152447783,1.7404673630682321,3.2192806452884692,7.157583190002503,5.619050351750521
2025-08-01,82222,6238.009765625,21.9,290.39,1.88,0.3055555555555555,4.6525875738791855,8.833670639382362,18.86614817846908,3.6694458525277085,7.659178029350677,10.137690713528237,9.279888824216197
2025-08-08,82222,6389.4501953125,22.3,291.17,1.28,0.12280701754385964,4.61698764012648,8.10098385000928,19.273308209077513,1.108226344176666,2.552012541425319,6.854423268825238,11.528532827779925
2025-09-05,82222,6481.5,22.4,294.45,0.99,-0.005025125628140708,4.741747296528165,8.46502375953142,20.98364697181363,2.502510149078141,3.8154717995448673,7.47943817258736,14.302244850728997
2025-10-03,82222,6715.7900390625,22.6,298.0,1.55,0.21568627450980396,4.4587773415591725,9.418028272443536,21.821600850298427,1.1301708645189423,2.3021842907827494,3.2238912230082795,10.65652615272803
2025-10-10,82222,6552.509765625,22.8,299.1,1.16,0.07407407407407403,2.9994145803919015,8.310700706137997,22.25128750102183,4.3905379767115615,4.195344996922401,4.329030652317445,14.46881189668201
2025-11-07,82222,6728.7998046875,22.3,305.89,,,5.055465879039733,10.665316016063088,23.892264074524093,1.7876893733515864,3.529306672243604,-1.4357666461402019,10.832394451845362
2026-01-02,82222,6858.47021484375,22.0,316.89,1.16,0.07407407407407403,7.620988283239938,14.607594936708846,28.010502928701264,0.833125269157442,-1.7270643686129739,7.88018237314474,
2026-05-01,82222,7230.1201171875,20.9,361.72,1.98,0.32885906040268453,21.382550335570482,30.030915234740107,44.67642588592913,3.365782223697167,3.500911645793825,,
2026-07-03,82222,7483.240234375,19.3,384.94,2.13,0.36102236421725237,28.699431628217976,39.44070129681953,53.52157613464146,-0.952264683136983,,,
