exit_date,exit_price,exit_equity,eps_at_exit,entry_date,entry_price,entry_reason,strategy,still_out
2022-02-01,365.52,2.6575541660607853,11.124360312018666,2022-11-07,267.59,EPS_NEW,V6 (Cond),
2022-11-08,269.54,2.676920475055212,-3.2163374847989257,2022-11-14,285.44,EPS_RECOVERY,V6 (Cond),
2022-02-01,365.52,2.6575541660607853,11.124360312018666,2022-11-07,267.59,EPS_NEW,V5 (Pure EPS),
2022-11-08,269.54,2.676920475055212,-3.2163374847989257,2022-11-09,263.32,EPS_NEW,V5 (Pure EPS),
2021-09-23,372.98,2.711792932964961,18.277971528214508,2023-03-23,309.75,?,Pure SEP,
2023-06-15,370.26,3.2415446371577246,0.8298214363296808,2023-12-14,403.39,?,Pure SEP,
2024-06-13,476.72,3.8308068108426845,9.158964493329425,2024-09-19,483.36,?,Pure SEP,
2024-12-19,514.17,4.0749874584801855,13.158550772810385,2025-03-20,479.26,?,Pure SEP,
2026-06-18,740.62,6.297244108624941,44.67642588592913,2026-08-13,732.07,STILL_OUT,Pure SEP,True
