meeting_date,member_name,dissent_direction,stance_score,policy_preference,annotation_note
2012-01-25,Jeffrey M. Lacker,TIGHTER,2,LESS_ACCOMMODATION,Opposed the stated exceptionally-low-rate horizon
2012-03-13,Jeffrey M. Lacker,TIGHTER,2,LESS_ACCOMMODATION,Opposed the stated exceptionally-low-rate horizon
2012-04-25,Jeffrey M. Lacker,TIGHTER,2,LESS_ACCOMMODATION,Opposed the stated exceptionally-low-rate horizon
2012-06-20,Jeffrey M. Lacker,TIGHTER,2,NO_MATURITY_EXTENSION,Opposed extending the maturity-extension program
2012-08-01,Jeffrey M. Lacker,TIGHTER,2,LESS_ACCOMMODATION,Opposed the stated exceptionally-low-rate horizon
2012-09-13,Jeffrey M. Lacker,TIGHTER,2,NO_ADDITIONAL_ASSET_PURCHASES,Opposed additional asset purchases and calendar guidance
2012-10-24,Jeffrey M. Lacker,TIGHTER,2,NO_ADDITIONAL_ASSET_PURCHASES,Opposed additional asset purchases and calendar guidance
2012-12-12,Jeffrey M. Lacker,TIGHTER,2,NO_ADDITIONAL_ASSET_PURCHASES,Opposed additional asset purchases and threshold guidance
2013-01-30,Esther L. George,TIGHTER,2,LESS_ACCOMMODATION,Concerned prolonged accommodation increased risks
2013-03-20,Esther L. George,TIGHTER,2,LESS_ACCOMMODATION,Concerned prolonged accommodation increased risks
2013-05-01,Esther L. George,TIGHTER,2,LESS_ACCOMMODATION,Concerned prolonged accommodation increased risks
2013-06-19,James Bullard,EASIER,-2,STRONGER_LOW_INFLATION_DEFENSE,Preferred stronger signaling against below-target inflation
2013-06-19,Esther L. George,TIGHTER,2,LESS_ACCOMMODATION,Concerned continued accommodation increased risks
2013-07-31,Esther L. George,TIGHTER,2,LESS_ACCOMMODATION,Concerned continued accommodation increased risks
2013-09-18,Esther L. George,TIGHTER,2,REDUCE_PURCHASES,Preferred reducing asset purchases
2013-10-30,Esther L. George,TIGHTER,2,REDUCE_PURCHASES,Preferred reducing asset purchases
2013-12-18,Eric S. Rosengren,EASIER,-2,CONTINUE_PURCHASE_PACE,Viewed the reduction in purchase pace as premature
2014-03-19,Narayana Kocherlakota,EASIER,-2,MORE_ACCOMMODATIVE_GUIDANCE,Preferred more accommodative forward guidance
2014-07-30,Charles I. Plosser,TIGHTER,2,REMOVE_TIME_GUIDANCE,Opposed retaining considerable-time guidance
2014-09-17,Richard W. Fisher,TIGHTER,2,EARLIER_TIGHTENING,Preferred earlier removal of accommodation
2014-09-17,Charles I. Plosser,TIGHTER,2,REMOVE_TIME_GUIDANCE,Opposed retaining considerable-time guidance
2014-10-29,Narayana Kocherlakota,EASIER,-2,CONTINUE_ASSET_PURCHASES,Preferred continued asset purchases and stronger inflation commitment
2014-12-17,Richard W. Fisher,TIGHTER,2,EARLIER_TIGHTENING,Preferred earlier removal of accommodation
2014-12-17,Narayana Kocherlakota,EASIER,-2,MORE_ACCOMMODATION,Preferred a more accommodative policy stance
2014-12-17,Charles I. Plosser,TIGHTER,2,LESS_ACCOMMODATIVE_GUIDANCE,Opposed language implying patience before tightening
2015-09-17,Jeffrey M. Lacker,TIGHTER,2,HIKE_25BP,Preferred a 25bp increase while the committee held
2015-10-28,Jeffrey M. Lacker,TIGHTER,2,HIKE_25BP,Preferred a 25bp increase while the committee held
2016-03-16,Esther L. George,TIGHTER,2,HIKE_25BP,Preferred a 25bp increase while the committee held
2016-04-27,Esther L. George,TIGHTER,2,HIKE_25BP,Preferred a 25bp increase while the committee held
2016-07-27,Esther L. George,TIGHTER,2,HIKE_25BP,Preferred a 25bp increase while the committee held
2016-09-21,Esther L. George,TIGHTER,2,HIKE_25BP,Preferred a 25bp increase while the committee held
2016-09-21,Loretta J. Mester,TIGHTER,2,HIKE_25BP,Preferred a 25bp increase while the committee held
2016-09-21,Eric S. Rosengren,TIGHTER,2,HIKE_25BP,Preferred a 25bp increase while the committee held
2016-11-02,Esther L. George,TIGHTER,2,HIKE_25BP,Preferred a 25bp increase while the committee held
2016-11-02,Loretta J. Mester,TIGHTER,2,HIKE_25BP,Preferred a 25bp increase while the committee held
2017-03-15,Neel Kashkari,EASIER,-2,HOLD,Preferred no hike while the committee raised 25bp
2017-06-14,Neel Kashkari,EASIER,-2,HOLD,Preferred no hike while the committee raised 25bp
2017-12-13,Charles L. Evans,EASIER,-2,HOLD,Preferred no hike while the committee raised 25bp
2017-12-13,Neel Kashkari,EASIER,-2,HOLD,Preferred no hike while the committee raised 25bp
2019-06-19,James Bullard,EASIER,-2,CUT_25BP,Preferred a 25bp cut while the committee held
2019-07-31,Esther L. George,TIGHTER,2,HOLD,Preferred no cut while the committee cut 25bp
2019-07-31,Eric S. Rosengren,TIGHTER,2,HOLD,Preferred no cut while the committee cut 25bp
2019-09-18,James Bullard,EASIER,-2,CUT_50BP,Preferred a larger cut than the committee's 25bp cut
2019-09-18,Esther L. George,TIGHTER,2,HOLD,Preferred no cut while the committee cut 25bp
2019-09-18,Eric S. Rosengren,TIGHTER,2,HOLD,Preferred no cut while the committee cut 25bp
2019-10-30,Esther L. George,TIGHTER,2,HOLD,Preferred no cut while the committee cut 25bp
2019-10-30,Eric S. Rosengren,TIGHTER,2,HOLD,Preferred no cut while the committee cut 25bp
2020-03-15,Loretta J. Mester,TIGHTER,2,CUT_SMALLER,Preferred a smaller cut than the committee's emergency cut
2020-09-16,Robert S. Kaplan,TIGHTER_GUIDANCE,1,LESS_ACCOMMODATIVE_GUIDANCE,Preferred less binding forward guidance
2020-09-16,Neel Kashkari,EASIER_GUIDANCE,-1,MORE_ACCOMMODATIVE_GUIDANCE,Preferred guidance committing to inflation reaching 2 percent on a sustained basis
2022-03-16,James Bullard,TIGHTER,2,HIKE_50BP,Preferred a larger hike than the committee's 25bp hike
2022-06-15,Esther L. George,EASIER,-2,HIKE_50BP,Preferred a smaller hike than the committee's 75bp hike
2024-09-18,Michelle W. Bowman,TIGHTER,2,CUT_25BP,Preferred a smaller cut than the committee's 50bp cut
2024-12-18,Beth M. Hammack,TIGHTER,2,HOLD,Preferred no cut while the committee cut 25bp
2025-03-19,Christopher J. Waller,TIGHTER_BALANCE_SHEET,1,RATE_HOLD_QT_FASTER,Concurred on the rate but opposed slowing balance-sheet runoff
2025-07-30,Michelle W. Bowman,EASIER,-2,CUT_25BP,Preferred a 25bp cut while the committee held
2025-07-30,Christopher J. Waller,EASIER,-2,CUT_25BP,Preferred a 25bp cut while the committee held
2025-09-17,Stephen I. Miran,EASIER,-2,CUT_50BP,Preferred a larger cut than the committee's 25bp cut
2025-10-29,Stephen I. Miran,EASIER,-2,CUT_50BP,Preferred a larger cut than the committee's 25bp cut
2025-10-29,Jeffrey R. Schmid,TIGHTER,2,HOLD,Preferred no cut while the committee cut 25bp
2025-12-10,Stephen I. Miran,EASIER,-2,CUT_50BP,Preferred a larger cut than the committee's 25bp cut
2025-12-10,Austan D. Goolsbee,TIGHTER,2,HOLD,Preferred no cut while the committee cut 25bp
2025-12-10,Jeffrey R. Schmid,TIGHTER,2,HOLD,Preferred no cut while the committee cut 25bp
2026-01-28,Stephen I. Miran,EASIER,-2,CUT_25BP,Preferred a 25bp cut while the committee held
2026-01-28,Christopher J. Waller,EASIER,-2,CUT_25BP,Preferred a 25bp cut while the committee held
2026-03-18,Stephen I. Miran,EASIER,-2,CUT_25BP,Preferred a 25bp cut while the committee held
2026-04-29,Stephen I. Miran,EASIER,-2,CUT_25BP,Preferred a 25bp cut while the committee held
2026-04-29,Beth M. Hammack,TIGHTER_GUIDANCE,1,NO_EASING_BIAS,Supported the hold but opposed easing-biased statement language
2026-04-29,Neel Kashkari,TIGHTER_GUIDANCE,1,NO_EASING_BIAS,Supported the hold but opposed easing-biased statement language
2026-04-29,Lorie K. Logan,TIGHTER_GUIDANCE,1,NO_EASING_BIAS,Supported the hold but opposed easing-biased statement language
2026-07-29,Beth M. Hammack,TIGHTER,2,HIKE_25BP,Preferred a 25bp hike while the committee held
2026-07-29,Neel Kashkari,TIGHTER,2,HIKE_25BP,Preferred a 25bp hike while the committee held
2026-07-29,Lorie K. Logan,TIGHTER,2,HIKE_25BP,Preferred a 25bp hike while the committee held
