communication_event_id,event_source_id,artifact_kind,artifact_url,status
comm-004032bcc032817bb8d9df2b,src-7bf95d5abc9403dbb524efa2,VIDEO,https://www.youtube.com/watch?v=QuUd5Y-sss4,LINK_INVENTORIED_NOT_BINARY_DOWNLOADED
comm-006bbac8c39a82d9c2f77beb,src-ed06d019c0da9e2fc84f2bda,VIDEO,https://www.youtube.com/watch?v=H0VdlmRS3UY,LINK_INVENTORIED_NOT_BINARY_DOWNLOADED
comm-008cc0254baf7ee4e6b05aa3,src-dba0eec0340673ebba2cf420,VIDEO,https://www.youtube.com/watch?v=_SoDhD19d5o,LINK_INVENTORIED_NOT_BINARY_DOWNLOADED
comm-018ab707f5f960624306fc63,src-3b7c4454bbb2dd3cf4c3a33b,AUDIO,https://www.bostonfed.org/-/media/Files/Speeches/Sounds/20170215-rosengren-speech.mp3?sc_lang=en&hash=5760CBD8131667D755329DCD4014D200,LINK_INVENTORIED_NOT_BINARY_DOWNLOADED
comm-031683a623d9d2a8285b1d4a,src-cf766107b8cee5d9f330992e,VIDEO,https://www.youtube.com/watch?v=ipAum9128rc,LINK_INVENTORIED_NOT_BINARY_DOWNLOADED
comm-042fed272753c7e30d8987c3,src-d388f59dd000982c8eb060a8,VIDEO,https://www.youtube.com/watch?v=CaxmRp0jJmE,LINK_INVENTORIED_NOT_BINARY_DOWNLOADED
comm-0433b9430c0ddf19287f2bbd,src-3703c16a18ad67eda31325ef,VIDEO,https://www.youtube.com/watch?v=I6rwuUX8H20,LINK_INVENTORIED_NOT_BINARY_DOWNLOADED
comm-046de8896a52ff39290a57b9,src-cbc7f2d0d1c6d8ac2988701a,TRANSCRIPT_OR_CAPTIONS,https://www.clevelandfed.org/-/media/project/clevelandfedtenant/clevelandfedsite/collections/speeches/sp-20230516-transcript_gic.pdf,LINK_INVENTORIED_NOT_BINARY_DOWNLOADED
comm-05571f5a8b2a3fad43d3d056,src-ad7a5aa69e2acf464458ec0f,VIDEO,https://www.youtube.com/watch?v=pnLND8PuA2c,LINK_INVENTORIED_NOT_BINARY_DOWNLOADED
comm-0596f64fec43a264584c1553,src-757a77f09f47d34471a7a9ae,VIDEO,https://www.youtube.com/watch?v=N-Ag_eOwBbg,LINK_INVENTORIED_NOT_BINARY_DOWNLOADED
comm-05b4709b1579209304ef864d,src-f9b9d0c68cd3791e4126248b,VIDEO,https://www.youtube.com/live/fbp9cRgWrBk,LINK_INVENTORIED_NOT_BINARY_DOWNLOADED
comm-05f388f71a9e2550a408b07e,src-8dbab9613d2362116cb016ff,VIDEO,https://www.youtube.com/watch?v=Nrz4k2nUyqs,LINK_INVENTORIED_NOT_BINARY_DOWNLOADED
comm-06f13e93e647cd74a71adf7b,src-6c0fa33ca0da29bbdadd812e,VIDEO,https://www.youtube.com/watch?v=2-Q4oXxsDk8,LINK_INVENTORIED_NOT_BINARY_DOWNLOADED
comm-07292faf9b3360b9181091f3,src-10c3fe893ee0891892ed98d7,VIDEO,https://www.youtube.com/watch?v=wfj-HV9wEPk,LINK_INVENTORIED_NOT_BINARY_DOWNLOADED
comm-0756369e5b63ff8f77440d78,src-70da4251f033af0a5e207d09,VIDEO,https://www.youtube.com/watch?v=ukAJsSpxYJc,LINK_INVENTORIED_NOT_BINARY_DOWNLOADED
comm-07eb5c57cb90a5f90e3148c4,src-6c4608aeda07c53ec2f62698,VIDEO,https://youtu.be/nMSpGN9uDHs,LINK_INVENTORIED_NOT_BINARY_DOWNLOADED
comm-080d5192e8841487b6cd516e,src-cdcb62a29e9a5e1092a7c834,VIDEO,https://www.youtube.com/watch?v=85ry-u4Ow6Q,LINK_INVENTORIED_NOT_BINARY_DOWNLOADED
comm-096e2f6355aeeaab014e7e39,src-5674d547d3131d58e806117b,VIDEO,https://www.youtube.com/live/iGRlTY_kMtM,LINK_INVENTORIED_NOT_BINARY_DOWNLOADED
comm-0a6e5062d258e1b07ad89c38,src-d75b577c7da9ad806598d465,VIDEO,https://www.youtube.com/watch?v=aloVTZy1gGY,LINK_INVENTORIED_NOT_BINARY_DOWNLOADED
comm-0a71d84544fc78b956edb1a3,src-d010d85f422b0f762072d078,VIDEO,https://www.youtube.com/watch?v=tKpAlAuLgt0,LINK_INVENTORIED_NOT_BINARY_DOWNLOADED
comm-0acbc780a2816e04d625d0ea,src-c6bfc6146d4cbc21047d6bb2,VIDEO,https://www.youtube.com/watch?v=DO1k16o7Fjw,LINK_INVENTORIED_NOT_BINARY_DOWNLOADED
comm-0ba63e0de764cbda6788ed73,src-7a33c58043710b13e878a2f9,VIDEO,https://www.youtube.com/watch?v=gvKe96igXk4,LINK_INVENTORIED_NOT_BINARY_DOWNLOADED
comm-0bfb436c4298ebf6677cda93,src-558c1dbf4d3a108ee1ddd80e,VIDEO,https://www.youtube.com/watch?v=LnQqfRqTSEM,LINK_INVENTORIED_NOT_BINARY_DOWNLOADED
comm-0c19adc08fc4cf1f4125b0cb,src-9694fff9569a81e0635cb8b1,VIDEO,https://www.youtube.com/live/TXnHBldrpMg,LINK_INVENTORIED_NOT_BINARY_DOWNLOADED
comm-0c2c0f1f9ca65897d50eac36,src-a62591fbb288bcc3af6a6feb,VIDEO,https://www.youtube.com/watch?v=PW3i_SZI7g0,LINK_INVENTORIED_NOT_BINARY_DOWNLOADED
comm-0d799017322b2c83d184eace,src-1b8d2113680050df388bc68c,VIDEO,https://youtu.be/g7S7z-JgFKE,LINK_INVENTORIED_NOT_BINARY_DOWNLOADED
comm-0e3c0be04e6528933d97b230,src-1aaff00e3113cc98f2757907,VIDEO,https://www.youtube.com/watch?v=VOjV3JIDGcE,LINK_INVENTORIED_NOT_BINARY_DOWNLOADED
comm-0effc8e1a9a012e9c2be49ba,src-8d9b2e03d3b99201a054b0e9,AUDIO,https://minneapolisfed.org/-/media/files/news_events/pres/nrk04-15-14.mp3?rev=fe70c70bd729444c9752b9fd23d03b6c,LINK_INVENTORIED_NOT_BINARY_DOWNLOADED
comm-0effc8e1a9a012e9c2be49ba,src-8d9b2e03d3b99201a054b0e9,AUDIO,https://minneapolisfed.org/-/media/files/news_events/pres/nrk04-15-14_media.mp3?rev=6a2bfa8d197e43baa88554544bd9c194,LINK_INVENTORIED_NOT_BINARY_DOWNLOADED
comm-0effc8e1a9a012e9c2be49ba,src-8d9b2e03d3b99201a054b0e9,VIDEO,http://www.youtube.com/watch?v=XQSepGbiRv4,LINK_INVENTORIED_NOT_BINARY_DOWNLOADED
comm-0effc8e1a9a012e9c2be49ba,src-8d9b2e03d3b99201a054b0e9,VIDEO,http://www.youtube.com/watch?v=dUVDW1iTzD8,LINK_INVENTORIED_NOT_BINARY_DOWNLOADED
comm-12b9b7038e7101d00e7193ee,src-c7a7dddd92b0ad008f29278d,VIDEO,https://www.youtube.com/watch?v=vJbK9MYoGAs,LINK_INVENTORIED_NOT_BINARY_DOWNLOADED
comm-134e2985d5cf8d682d0e05bb,src-207b2a406e1027b09d6ebd00,AUDIO,https://www.bostonfed.org/-/media/Files/Speeches/Sounds/20200306-Rosengren-Audio.mp3,LINK_INVENTORIED_NOT_BINARY_DOWNLOADED
comm-1363e454de08b22d88aa8d68,src-c953081b6d703246b55cb12f,VIDEO,https://www.youtube.com/live/beuFTHi6mLY?si=AFQwn0i3hUDxNchB,LINK_INVENTORIED_NOT_BINARY_DOWNLOADED
comm-157d68061226ebc4d33517f9,src-d7e29745034a1de970932cf1,AUDIO,https://minneapolisfed.org/-/media/files/news_events/pres/nrk01-09-14.mp3?rev=a4376d8f0c524000a628c9fa5b3383b1,LINK_INVENTORIED_NOT_BINARY_DOWNLOADED
comm-157d68061226ebc4d33517f9,src-d7e29745034a1de970932cf1,VIDEO,http://www.youtube.com/watch?v=_r9N49MmM9A,LINK_INVENTORIED_NOT_BINARY_DOWNLOADED
comm-157d68061226ebc4d33517f9,src-d7e29745034a1de970932cf1,VIDEO,http://www.youtube.com/watch?v=muS30bwAMSA,LINK_INVENTORIED_NOT_BINARY_DOWNLOADED
comm-15dfe45090e63f5d02b63c86,src-e571317ab59ef01db06c35f6,AUDIO,https://minneapolisfed.org/-/media/files/news_events/pres/kashkari-11-16-2016-media-qa.mp3?rev=a25b5414a1f740a1807462be42a05431,LINK_INVENTORIED_NOT_BINARY_DOWNLOADED
comm-15dfe45090e63f5d02b63c86,src-3e046a0c358a0cbf6d0718e9,AUDIO,https://www.minneapolisfed.org/-/media/files/news_events/pres/kashkari-11-16-2016-media-qa.mp3?rev=a25b5414a1f740a1807462be42a05431,LINK_INVENTORIED_NOT_BINARY_DOWNLOADED
comm-15dfe45090e63f5d02b63c86,src-3e046a0c358a0cbf6d0718e9,VIDEO,https://www.youtube.com/watch?v=459NbSFGeLw,LINK_INVENTORIED_NOT_BINARY_DOWNLOADED
comm-16bd0a70eda9c73391297b24,src-53614243bd3df50e9c4712c8,VIDEO,https://www.youtube.com/watch?v=no699_y_4Yo,LINK_INVENTORIED_NOT_BINARY_DOWNLOADED
comm-16be7bae259fe63cddea5fce,src-bfd2fb50e2065245bfd4516c,AUDIO,https://www.bostonfed.org/-/media/Files/Speeches/Sounds/rosengren-speech-20160404.mp3?sc_lang=en&hash=9350EAB26EDFEC83C17084A6B0C0CD21,LINK_INVENTORIED_NOT_BINARY_DOWNLOADED
comm-1933912aee1347b22ba5c54e,src-93e7b5fff7919814a8e3a02d,VIDEO,https://youtu.be/eCbylGk7hME,LINK_INVENTORIED_NOT_BINARY_DOWNLOADED
comm-1991c754c1fc9d1d7a8303fe,src-6697120bbfe65d7cbe84956e,VIDEO,https://www.youtube.com/watch?v=C0ZENUCJ63I&t=2s,LINK_INVENTORIED_NOT_BINARY_DOWNLOADED
comm-19eab099baebc4078213922f,src-8ef7cf2239d03be419719c69,VIDEO,http://youtu.be/ZPicbxgNbbA,LINK_INVENTORIED_NOT_BINARY_DOWNLOADED
comm-1a5bc4c1c6f5549c74b964fd,src-4993d301eb56caa8b40fe3d2,VIDEO,https://www.youtube.com/live/7B_DBWrd1rk,LINK_INVENTORIED_NOT_BINARY_DOWNLOADED
comm-1a7662cacd7e1826dd4a57cb,src-af206de7f93edf9927eadfc3,VIDEO,https://www.youtube.com/watch?v=tQZXrUHZddA,LINK_INVENTORIED_NOT_BINARY_DOWNLOADED
comm-1b30249b8ed108358fd03603,src-2c830d560f6a667822b76ef4,VIDEO,https://youtu.be/fFAz5ZdL6Jo,LINK_INVENTORIED_NOT_BINARY_DOWNLOADED
comm-1b536b2bd66a72333a9bcadc,src-729f9480bdb4f1b805c47013,VIDEO,https://www.youtube.com/watch?v=zNmQx7fZx9g,LINK_INVENTORIED_NOT_BINARY_DOWNLOADED
comm-1c9ddf035dbfefec248fbe5c,src-051352f9c022f405b07a2912,VIDEO,https://www.youtube.com/watch?v=jDuMOjWAZWQ,LINK_INVENTORIED_NOT_BINARY_DOWNLOADED
comm-1d6dd1331a6d90c9e8987ee6,src-72da93601bf21e4baa598a1f,VIDEO,http://www.youtube.com/watch?v=Li0no7O9zmE,LINK_INVENTORIED_NOT_BINARY_DOWNLOADED
comm-1f3b7ab2e3b05684dfc31b3a,src-b9ad7df6b91b502b80a3510d,VIDEO,https://www.youtube.com/watch?v=qK6MCedEE2Q,LINK_INVENTORIED_NOT_BINARY_DOWNLOADED
comm-1f866afa8e06b987dde13654,src-6b4732d7398e3779d3eaf391,VIDEO,https://www.youtube.com/watch?v=bYZSfgpu2ZY,LINK_INVENTORIED_NOT_BINARY_DOWNLOADED
comm-207c98b39f6942638e1fdff2,src-2b342c210d1b85f5a886849b,VIDEO,https://www.youtube.com/watch?v=6aJO9TJftsg,LINK_INVENTORIED_NOT_BINARY_DOWNLOADED
comm-20976d507f4cf5a8438c3d6a,src-8c887b05f741fe67436ee30a,VIDEO,https://www.youtube.com/watch?v=TECr0-USkbw,LINK_INVENTORIED_NOT_BINARY_DOWNLOADED
comm-20f2338189b6c7f435570417,src-36a2dc535c5d72e511d31a74,VIDEO,https://www.youtube.com/watch?v=qm5sBv-9LIA,LINK_INVENTORIED_NOT_BINARY_DOWNLOADED
comm-20fafbe108543239c2c3f303,src-4e0828f59b91e7650d6b7312,VIDEO,https://www.youtube.com/watch?v=9Y0ZV1SdY30,LINK_INVENTORIED_NOT_BINARY_DOWNLOADED
comm-21025587d7f5a48ce2686fb8,src-7f7c6c234eabbe347be28343,VIDEO,https://www.youtube.com/watch?v=RgtHUvDFvXM,LINK_INVENTORIED_NOT_BINARY_DOWNLOADED
comm-21c3a1482184c5ad1e610acd,src-248372b326d5800e44d281e4,VIDEO,https://www.youtube.com/live/ARrKDX-CFlw?si=lD2ebG6uwbkNP4zP,LINK_INVENTORIED_NOT_BINARY_DOWNLOADED
comm-2227e5a6471a4310592a01f8,src-fc4c706c38a9d4fcbef56b0d,VIDEO,https://www.youtube.com/watch?v=oNxMqYGaOXM,LINK_INVENTORIED_NOT_BINARY_DOWNLOADED
comm-2227e5a6471a4310592a01f8,src-fc4c706c38a9d4fcbef56b0d,VIDEO,https://www.youtube.com/watch?v=oNxMqYGaOXM&t=25m49s,LINK_INVENTORIED_NOT_BINARY_DOWNLOADED
comm-22f4bd6a9d63ccf2b2583459,src-692f417af48fc183bd4ee27d,VIDEO,https://www.youtube.com/live/4jb3JmQxW50,LINK_INVENTORIED_NOT_BINARY_DOWNLOADED
comm-2347dddbade3dcb025d94bde,src-4cca40be85c8b2fc91b6dae8,VIDEO,https://www.youtube.com/live/fLjZJKMxXXg,LINK_INVENTORIED_NOT_BINARY_DOWNLOADED
comm-23abb1373213ffb64dc29cce,src-6ccad1266ce0739c654f9fbd,VIDEO,https://www.youtube.com/watch?v=tww2GrUxwX4,LINK_INVENTORIED_NOT_BINARY_DOWNLOADED
comm-23d4bd4ab3778d37500ae31f,src-495763c41bed4de10ae9f83e,VIDEO,https://www.youtube.com/watch?v=xxiSpry2lNk,LINK_INVENTORIED_NOT_BINARY_DOWNLOADED
comm-23df1eecdf3ec269a6617ef1,src-b29cb0a9c8271d301d6e2dea,VIDEO,https://youtu.be/1jEMcGh9ie0,LINK_INVENTORIED_NOT_BINARY_DOWNLOADED
comm-25388517e4ad243a1bb3759b,src-6050a82219ea9a539eafc568,VIDEO,https://www.youtube.com/watch?v=754Iprs5cz4,LINK_INVENTORIED_NOT_BINARY_DOWNLOADED
comm-253ace24123be92aff954552,src-d2312e622891c11154b13cf9,TRANSCRIPT_OR_CAPTIONS,https://www.minneapolisfed.org/events/2020/racism-and-the-economy-series-kickoff-event/event-transcript,LINK_INVENTORIED_NOT_BINARY_DOWNLOADED
comm-253ace24123be92aff954552,src-d2312e622891c11154b13cf9,VIDEO,https://www.youtube.com/watch?v=lj50pYNbf2g,LINK_INVENTORIED_NOT_BINARY_DOWNLOADED
comm-253ace24123be92aff954552,src-d2312e622891c11154b13cf9,VIDEO,https://youtu.be/-yw2WEzgy7g,LINK_INVENTORIED_NOT_BINARY_DOWNLOADED
comm-253ace24123be92aff954552,src-d2312e622891c11154b13cf9,VIDEO,https://youtu.be/4NUcQoAflc0,LINK_INVENTORIED_NOT_BINARY_DOWNLOADED
comm-253ace24123be92aff954552,src-d2312e622891c11154b13cf9,VIDEO,https://youtu.be/FN42-GvaRAs,LINK_INVENTORIED_NOT_BINARY_DOWNLOADED
comm-253ace24123be92aff954552,src-d2312e622891c11154b13cf9,VIDEO,https://youtu.be/IhJ0xcWr7Xc,LINK_INVENTORIED_NOT_BINARY_DOWNLOADED
comm-253ace24123be92aff954552,src-d2312e622891c11154b13cf9,VIDEO,https://youtu.be/UCbp4A7wrxo,LINK_INVENTORIED_NOT_BINARY_DOWNLOADED
comm-253ace24123be92aff954552,src-d2312e622891c11154b13cf9,VIDEO,https://youtu.be/__fZSlNkGeU,LINK_INVENTORIED_NOT_BINARY_DOWNLOADED
comm-2783eab5c34d7a4bbf769893,src-910424c8045d804da503db38,VIDEO,https://www.youtube.com/watch?v=SnWpdwGQLIo,LINK_INVENTORIED_NOT_BINARY_DOWNLOADED
comm-27a60512823c489bd56bf0e8,src-25c0cab91d7e82c3099d3ae7,VIDEO,https://www.youtube.com/watch?v=DSwKgJz8dVk,LINK_INVENTORIED_NOT_BINARY_DOWNLOADED
comm-284ab1f28f1c0e2cffc2ee8b,src-95bdc0fa8290fa41b0ae1cf2,VIDEO,https://www.youtube.com/watch?v=m292SEk7u88,LINK_INVENTORIED_NOT_BINARY_DOWNLOADED
comm-2a3975cf8e71f4409810d3a6,src-08fde1b32847dea97f812b30,VIDEO,https://www.youtube.com/watch?v=YiOPg_LThd4,LINK_INVENTORIED_NOT_BINARY_DOWNLOADED
comm-2ad3e73245f2cc9fa624b7b5,src-84676792dfc73eef0b611402,VIDEO,https://www.youtube.com/live/-tcpixYvVkc,LINK_INVENTORIED_NOT_BINARY_DOWNLOADED
comm-2b0575e1dcc86ba18bb7d0df,src-bb2b91477419480fda847f12,VIDEO,https://www.youtube.com/watch?v=tLAfqnJkWXk,LINK_INVENTORIED_NOT_BINARY_DOWNLOADED
comm-2b2c6f9109f92ca296658586,src-94a93c86b3916f48894601d0,VIDEO,https://www.youtube.com/live/ikXKPFbR3YQ,LINK_INVENTORIED_NOT_BINARY_DOWNLOADED
comm-2c0905524ecc25f34ef329a3,src-12a2b4d8faafc7ea73dc916d,VIDEO,https://www.youtube.com/watch?v=hcvCHdN2T6k,LINK_INVENTORIED_NOT_BINARY_DOWNLOADED
comm-2ce795682cf76c15e12fdfc8,src-27fd94a698826896bd0f5ccd,VIDEO,https://www.youtube.com/watch?v=1qT8I715OHI,LINK_INVENTORIED_NOT_BINARY_DOWNLOADED
comm-2de482f1b6f8b5448159d5d8,src-c40ec70dac1d95e77d9358a0,VIDEO,https://www.youtube.com/watch?v=_jwRU5_dpnU,LINK_INVENTORIED_NOT_BINARY_DOWNLOADED
comm-2e2cf61c6d32cb4a0915097f,src-d43cd1d00221ec23df4b170e,VIDEO,https://www.youtube.com/watch?v=WKtIK1Hz4l4,LINK_INVENTORIED_NOT_BINARY_DOWNLOADED
comm-2edb7c2b395a9cd3b54d1854,src-4e02d909e5675724923ac174,VIDEO,https://www.youtube.com/watch?v=YvT85hbzzHI,LINK_INVENTORIED_NOT_BINARY_DOWNLOADED
comm-2fa13c1673b76da5c5fcfd9f,src-6ba185ce86d4fe2e314dcabb,VIDEO,https://www.youtube.com/watch?v=7cMfinhz7xU,LINK_INVENTORIED_NOT_BINARY_DOWNLOADED
comm-306e2c2a9f1af50c57b3fe46,src-b4c451e71dde8774609998f2,VIDEO,https://youtu.be/EBVtrNnPRGw,LINK_INVENTORIED_NOT_BINARY_DOWNLOADED
comm-3133d0790c829af82e977b06,src-42716e04b1e3cbef97713775,VIDEO,https://www.youtube.com/watch?v=kwyBh_WMn7M,LINK_INVENTORIED_NOT_BINARY_DOWNLOADED
comm-3136e9d04e2c385e005854c4,src-c582623fb10e538fb6ba415d,VIDEO,https://youtube.com/live/GQu0dD-GtG8?feature=share,LINK_INVENTORIED_NOT_BINARY_DOWNLOADED
comm-31dd62068f948f1241c2c6af,src-9e98d42442e622cd4fc299b0,VIDEO,https://www.youtube.com/watch?v=du-8tAcChvc,LINK_INVENTORIED_NOT_BINARY_DOWNLOADED
comm-328b68c8a02fd9ebb4e368f0,src-8eb4087dcfe18de70b33890a,VIDEO,https://www.youtube.com/watch?v=yhIrdsTx6S4,LINK_INVENTORIED_NOT_BINARY_DOWNLOADED
comm-32e705b3c5dbd91b3cb0dcb7,src-76544510c9aba991d4ae0269,VIDEO,https://www.youtube.com/watch?v=RdawVGbIJq8,LINK_INVENTORIED_NOT_BINARY_DOWNLOADED
comm-333f6d0b0626026987e4cb0e,src-8be7fec10329e67c4db592bf,VIDEO,https://www.youtube.com/watch?v=pJtZXuCjVL8,LINK_INVENTORIED_NOT_BINARY_DOWNLOADED
comm-347cc52e594579281c32ed54,src-106369ad10b7329b1f6a8153,VIDEO,https://www.youtube.com/watch?v=nCEv9pLhhmg,LINK_INVENTORIED_NOT_BINARY_DOWNLOADED
comm-369a86aa359ae011d9c28498,src-5aac0f23a9c42b1cb5b0b97a,VIDEO,https://www.youtube.com/watch?v=zfCH_0WwAWg,LINK_INVENTORIED_NOT_BINARY_DOWNLOADED
comm-36bd03dc704401f6c30a1d0b,src-50a5776ce4515a4946c76b94,VIDEO,https://www.youtube.com/watch?v=6pbToUoMdaw,LINK_INVENTORIED_NOT_BINARY_DOWNLOADED
comm-37333cf94cf8b5f717b9f18c,src-a80078802c5150c6bde23872,VIDEO,https://www.youtube.com/watch?v=37-9Xx30dYY,LINK_INVENTORIED_NOT_BINARY_DOWNLOADED
comm-37cde7007460e2a2fa5dace8,src-b0af5834b1ba60b43f3517ed,VIDEO,https://www.youtube.com/watch?v=RQrTj5kLkeQ,LINK_INVENTORIED_NOT_BINARY_DOWNLOADED
comm-380e70e040a33371c3e825fe,src-24eb90789b3dcdab7104e600,VIDEO,https://www.youtube.com/watch?v=GgMyCI0T3eQ,LINK_INVENTORIED_NOT_BINARY_DOWNLOADED
comm-3841891c9a9c2670f19ee88c,src-f939fd3cdbe8e1b60a9df91a,VIDEO,https://youtu.be/lBdv08IhIlU,LINK_INVENTORIED_NOT_BINARY_DOWNLOADED
comm-384e4f7f44665a373d6a3abe,src-9e699af4b3c41199d740f451,VIDEO,https://www.youtube.com/watch?v=970wA39KIdo,LINK_INVENTORIED_NOT_BINARY_DOWNLOADED
comm-388774f56cae215e3b7d70f4,src-bae553529a52ed90c5ae5491,VIDEO,https://www.youtube.com/live/JmHsicQhvls,LINK_INVENTORIED_NOT_BINARY_DOWNLOADED
comm-394382fa324897c74ededf01,src-e09ba10fedb00ddcda16b27c,VIDEO,https://www.youtube.com/watch?v=mC9t_QZGts0,LINK_INVENTORIED_NOT_BINARY_DOWNLOADED
comm-3a7f4f96205f139f56f8c37e,src-da17acce215ff2da12905602,VIDEO,https://youtube.com/live/CCeM-1BhlD8?feature=share,LINK_INVENTORIED_NOT_BINARY_DOWNLOADED
comm-3ac87424e0438f2e48579269,src-a2848d7f83f3e707a7c4f99a,VIDEO,https://www.youtube.com/watch?v=hA1m4UYT_Xk,LINK_INVENTORIED_NOT_BINARY_DOWNLOADED
comm-3dba3c48fa61e9abd1969030,src-c5f676ce14c3cbe6b68889b0,VIDEO,https://www.youtube.com/watch?v=ptaiWF_RW1c,LINK_INVENTORIED_NOT_BINARY_DOWNLOADED
comm-3ec13fd0b23713e2504a5529,src-9fde739c665b639853678324,VIDEO,https://www.youtube.com/watch?v=FdSLx4DxXFM,LINK_INVENTORIED_NOT_BINARY_DOWNLOADED
comm-3f7752e7ccc3aba48fbe2bf5,src-eeb21b9b936fd5c873423e86,VIDEO,https://www.youtube.com/live/TNl50GlUn7k,LINK_INVENTORIED_NOT_BINARY_DOWNLOADED
comm-40519ad27aaf09de7377d1c3,src-4345b6219d62e02e9cfd60ff,VIDEO,https://www.youtube.com/live/oLSQsikY_YY,LINK_INVENTORIED_NOT_BINARY_DOWNLOADED
comm-412a1645e7f8f21b581c2976,src-1d7752e04c269e4086c60779,VIDEO,https://www.youtube.com/watch?v=1siOhtZBdsg,LINK_INVENTORIED_NOT_BINARY_DOWNLOADED
comm-41829c12a69f88e582753b2e,src-d5f05c1f8dd10f1e8e896c42,VIDEO,https://www.youtube.com/watch?v=pLnXRNfsY64,LINK_INVENTORIED_NOT_BINARY_DOWNLOADED
comm-41fe6e0ac31be321aee3b605,src-9882e4fb41617c3d2f8a0142,VIDEO,https://www.youtube.com/watch?v=tcJsdiyFU4U,LINK_INVENTORIED_NOT_BINARY_DOWNLOADED
comm-423916e6890cc706d9904f5c,src-a21802e5214de49378464c10,AUDIO,https://minneapolisfed.org/-/media/files/news_events/pres/kashkari-05-09-2016-media-qa.mp3?rev=6622b996a457460bb187bf477f6cef08,LINK_INVENTORIED_NOT_BINARY_DOWNLOADED
comm-423916e6890cc706d9904f5c,src-14c1fc857733a33526cb0954,AUDIO,https://www.minneapolisfed.org/-/media/files/news_events/pres/kashkari-05-09-2016-media-qa.mp3?rev=6622b996a457460bb187bf477f6cef08,LINK_INVENTORIED_NOT_BINARY_DOWNLOADED
comm-423916e6890cc706d9904f5c,src-14c1fc857733a33526cb0954,VIDEO,https://www.youtube.com/watch?v=t2qwMgPnJ84,LINK_INVENTORIED_NOT_BINARY_DOWNLOADED
comm-42c32d78353cf92e68c82e5a,src-b5df452d2896e6f8bbba3071,VIDEO,https://www.youtube.com/live/EoHz0l3lVJo,LINK_INVENTORIED_NOT_BINARY_DOWNLOADED
comm-43925c45dddae76c839c4b2e,src-55f6c5f3e191b345ae8bd8b2,VIDEO,https://www.youtube.com/live/33tijvnLkGE?si=t6FmDeMjhmEdvn9n,LINK_INVENTORIED_NOT_BINARY_DOWNLOADED
comm-43b9e71db082e27e873996b5,src-4fd526fda038cf21ac32286a,VIDEO,https://youtube.com/live/HHHv12FvEpg?feature=sh,LINK_INVENTORIED_NOT_BINARY_DOWNLOADED
comm-44421dc3987531bc4e3c8380,src-d0d32b71bfbc142557b58594,VIDEO,https://www.youtube.com/watch?v=t65dei4_BTY,LINK_INVENTORIED_NOT_BINARY_DOWNLOADED
comm-44a945f85954d4b94609e5dc,src-7e5dd0bb1201253fe22a8942,VIDEO,https://www.youtube.com/watch?v=VygfQibBlA8,LINK_INVENTORIED_NOT_BINARY_DOWNLOADED
comm-44adc0502fba0c072e484a1a,src-93a4c4a761e491ae7549448e,VIDEO,https://youtube.com/live/SJxWQyIg8ds?feature=share,LINK_INVENTORIED_NOT_BINARY_DOWNLOADED
comm-47ddd37639055fe3aeb7cebe,src-b7bceb8b78ffd51f7eb73e12,VIDEO,https://www.youtube.com/watch?v=VT-qvBVR3j8,LINK_INVENTORIED_NOT_BINARY_DOWNLOADED
comm-48c53900ae04b6fc5e3af7d0,src-90bc6c14f0523781d7fe66f9,VIDEO,https://www.youtube.com/watch?v=DSWlFvAPSuQ,LINK_INVENTORIED_NOT_BINARY_DOWNLOADED
comm-497566a6f710c7862de9395b,src-ab8816508ade3e973cbf7f31,VIDEO,https://www.youtube.com/watch?v=J5-6Wd9jXM8,LINK_INVENTORIED_NOT_BINARY_DOWNLOADED
comm-49b4e8ccd5d7f71d9e073d3c,src-5e8bc72256a07abb477d1571,VIDEO,https://www.youtube.com/watch?v=K0UwLfevw24,LINK_INVENTORIED_NOT_BINARY_DOWNLOADED
comm-4b926df11dce3259340826fc,src-0e4af0d588abf2fae700c7e8,VIDEO,https://youtube.com/live/SJxWQyIg8ds?feature=share,LINK_INVENTORIED_NOT_BINARY_DOWNLOADED
comm-4c22edc11397f6afeab69e9b,src-1d35ef8ae0cda4c2ce2f7e67,VIDEO,https://youtu.be/llM3g06N3XQ,LINK_INVENTORIED_NOT_BINARY_DOWNLOADED
comm-4c71662866d3636cb611db65,src-568250680f44c1541ef367de,VIDEO,https://www.youtube.com/watch?v=JXpu7PVT5gM,LINK_INVENTORIED_NOT_BINARY_DOWNLOADED
comm-4ca7a9a75a5f3cbcc9a74131,src-f66977933a5a9f2b95318931,VIDEO,https://www.youtube.com/live/BEPvRhTz6KE?si=aVuRr0WjwhLYIVqR,LINK_INVENTORIED_NOT_BINARY_DOWNLOADED
comm-4da4bd818bb54f635e716c70,src-fbcd9e8361673e4fce8cd08b,VIDEO,https://www.youtube.com/watch?v=HbrqWGhrgLM,LINK_INVENTORIED_NOT_BINARY_DOWNLOADED
comm-4debd575a215e0b1640bdfef,src-e9aefd5423def92e1bfbb727,VIDEO,https://www.youtube.com/watch?v=fCXGHoKmHuM,LINK_INVENTORIED_NOT_BINARY_DOWNLOADED
comm-4e3600d9e35495af6603ad6e,src-6f5adea5346b354070f32cf1,VIDEO,https://youtube.com/live/SIlcrbuoPPk?feature=share,LINK_INVENTORIED_NOT_BINARY_DOWNLOADED
comm-4e42248c25b2ec7f4695f890,src-df1658ecf6294326b91d6b69,AUDIO,https://minneapolisfed.org/-/media/files/news_events/pres/2017-03-23-kashkari-media-scum.mp3?rev=7e3c3e1a301c42fda1746a1f9424de46,LINK_INVENTORIED_NOT_BINARY_DOWNLOADED
comm-4e42248c25b2ec7f4695f890,src-48f9652cca40992d99af8241,AUDIO,https://www.minneapolisfed.org/-/media/files/news_events/pres/2017-03-23-kashkari-media-scum.mp3?rev=7e3c3e1a301c42fda1746a1f9424de46,LINK_INVENTORIED_NOT_BINARY_DOWNLOADED
comm-4f0c566b632ec0c7487d406c,src-2f47a9b0fb36036c742ba9e4,VIDEO,https://www.youtube.com/watch?v=8r7yIkmJTuI,LINK_INVENTORIED_NOT_BINARY_DOWNLOADED
comm-4f21bbe5b13187751856b903,src-56cbe825e6abfffbba8d2df6,VIDEO,https://www.youtube.com/watch?v=LB4ncob76P0,LINK_INVENTORIED_NOT_BINARY_DOWNLOADED
comm-4fb6338bea33cfe87acb16a8,src-0faea5727839de971c8fb213,VIDEO,https://www.youtube.com/watch?v=z187wRC-4KU,LINK_INVENTORIED_NOT_BINARY_DOWNLOADED
comm-4fcf9c985b644c20b77b92fa,src-5875d4d4e233e32d7a208e55,VIDEO,https://www.youtube.com/watch?v=V8MkmNoyPzI,LINK_INVENTORIED_NOT_BINARY_DOWNLOADED
comm-51ee0dd16d3efdd470cd1e90,src-f8208b5ce05bbcc20cdd347f,VIDEO,https://www.youtube.com/watch?v=4CCBd_m9G2w,LINK_INVENTORIED_NOT_BINARY_DOWNLOADED
comm-520291305736e47cf28c6ffd,src-333651e2efe7a39f9dd98a7d,VIDEO,https://www.youtube.com/watch?v=3THDdn67-kQ,LINK_INVENTORIED_NOT_BINARY_DOWNLOADED
comm-529f2872a60ab82189496ea7,src-f87e77ecfbdd6f662c5bc383,VIDEO,https://www.youtube.com/watch?v=Wp_oFlDr_yo,LINK_INVENTORIED_NOT_BINARY_DOWNLOADED
comm-56588de200c6a9869f193d78,src-17f07f5a1f49deb82ee804ba,VIDEO,https://www.youtube.com/watch?v=-WfytrDum5Q,LINK_INVENTORIED_NOT_BINARY_DOWNLOADED
comm-58b21ce1645a6cc45be92aa3,src-0c54a77be08f38097d8e3017,VIDEO,https://www.youtube.com/watch?v=QwSvGzCamCo,LINK_INVENTORIED_NOT_BINARY_DOWNLOADED
comm-5b0f16621c0e8d389a84e01a,src-34b99a2bff8c2b2934c90a6d,VIDEO,https://www.youtube.com/watch?v=cJVf9Yu_suA,LINK_INVENTORIED_NOT_BINARY_DOWNLOADED
comm-5b1808cea77e22fb84453126,src-acffee9fe1d52c0e6e01f3cb,VIDEO,https://www.youtube.com/watch?v=cWCrMkCMWSA,LINK_INVENTORIED_NOT_BINARY_DOWNLOADED
comm-5bf4025d72f6cb7f5b2d0111,src-2e1fc3e136f6d7a69f60324b,VIDEO,https://www.youtube.com/live/PxcqPsuzMMk,LINK_INVENTORIED_NOT_BINARY_DOWNLOADED
comm-5c94e1b89c9bdcc3aa93b57a,src-f67b15dce520083a55f79be9,VIDEO,https://www.youtube.com/watch?v=cLvaM9Jbse8,LINK_INVENTORIED_NOT_BINARY_DOWNLOADED
comm-5de68d7cb3e28b24366dc945,src-13968fb584ba741a1e640d07,VIDEO,https://www.youtube.com/watch?v=s7wwXVwjCqg,LINK_INVENTORIED_NOT_BINARY_DOWNLOADED
comm-5ea9e6ffd34bdbe00fb3742e,src-4cda1a93fd8b16bd1335d8b3,VIDEO,https://www.youtube.com/watch?v=pJtZXuCjVL8,LINK_INVENTORIED_NOT_BINARY_DOWNLOADED
comm-5f96f5ac4affd8fbea6d5c4f,src-2b563a56b09d8d605541f8cd,VIDEO,https://youtube.com/live/-EmOu_ZGNUg,LINK_INVENTORIED_NOT_BINARY_DOWNLOADED
comm-5f974cd128f6746f316c7fb4,src-8aa727d6c274cf89030b7b5c,VIDEO,https://www.youtube.com/watch?v=FkQLhwiptJw,LINK_INVENTORIED_NOT_BINARY_DOWNLOADED
comm-5feec99685758d5253d68e96,src-c60ea62d20b8026144b6fb56,VIDEO,https://www.youtube.com/watch?v=JNH9zSfuM3w,LINK_INVENTORIED_NOT_BINARY_DOWNLOADED
comm-603018dd2410ae86609deaa0,src-8797a8fdfd88f577e67569c3,VIDEO,https://youtu.be/_SA2lFBMbSY,LINK_INVENTORIED_NOT_BINARY_DOWNLOADED
comm-60fa843e6597135324322120,src-4f5524e5e09f15fb93acfdd8,AUDIO,https://www.bostonfed.org/-/media/Files/Speeches/Sounds/20170419-rosengren-speech.MP3,LINK_INVENTORIED_NOT_BINARY_DOWNLOADED
comm-61d89d1cb73ec0207d894f3b,src-4a97d8ed68f5d6cb4e57a978,VIDEO,https://www.youtube.com/watch?v=nAKjKmGA86U,LINK_INVENTORIED_NOT_BINARY_DOWNLOADED
comm-6305b975112a4eb21d846988,src-8d45fe41cdda34b0f7260c8a,VIDEO,https://youtube.com/live/NwzEwML9mLk,LINK_INVENTORIED_NOT_BINARY_DOWNLOADED
comm-63964c10123bada167770c27,src-2e1916503ebd8c33342be78b,VIDEO,https://www.youtube.com/watch?v=Xj5Ldu0evZg,LINK_INVENTORIED_NOT_BINARY_DOWNLOADED
comm-640135822c586a12fd80303c,src-ab0513b5336282a6062aa40c,VIDEO,https://www.youtube.com/live/ZXSxyoPWsU0?si=Bc-bMIGRHIPUkaH0,LINK_INVENTORIED_NOT_BINARY_DOWNLOADED
comm-64263dc245c9090189dc9b2c,src-7af8e9f73e8651171ee35783,VIDEO,https://www.youtube.com/watch?v=754Iprs5cz4,LINK_INVENTORIED_NOT_BINARY_DOWNLOADED
comm-645cda3c36e8f61918d7822b,src-bb9d5acf03215c88a2ddc1b2,VIDEO,https://www.youtube.com/watch?v=epNeMJJKCes,LINK_INVENTORIED_NOT_BINARY_DOWNLOADED
comm-65cb715a0a0180baaa360378,src-fb2b1241331bc91f9c801fc9,VIDEO,https://www.youtube.com/watch?v=IATNG6DtyN0,LINK_INVENTORIED_NOT_BINARY_DOWNLOADED
comm-662f0d70f4b337b27a9f940c,src-055b6ca64bc32e45c8568d84,VIDEO,https://www.youtube.com/watch?v=2YNs4dZ_2OY,LINK_INVENTORIED_NOT_BINARY_DOWNLOADED
comm-66fcdb5407e31e2a38db56bf,src-b3d504973841a95b15bc2045,VIDEO,https://www.youtube.com/watch?v=iLxEfg3SeM4,LINK_INVENTORIED_NOT_BINARY_DOWNLOADED
comm-675383cc3e5927798047bd9a,src-e1eae0a7005f9f465f0f7d2e,VIDEO,http://www.youtube.com/watch?v=DzzZWulsIbU,LINK_INVENTORIED_NOT_BINARY_DOWNLOADED
comm-67a78663ac16bd3caa26daea,src-afaf325fd91ce31c9c5ce88d,VIDEO,https://www.youtube.com/watch?v=hOrAcTLw-FA,LINK_INVENTORIED_NOT_BINARY_DOWNLOADED
comm-67b7e489cec01a6d643b0d9e,src-a2dfaa9deac6ec68b746d63b,VIDEO,https://www.youtube.com/live/wY-YR0NoZYs,LINK_INVENTORIED_NOT_BINARY_DOWNLOADED
comm-68a3719c0008c98e34b54318,src-f95a0f97e8f58b26b698980f,VIDEO,https://www.youtube.com/watch?v=ucTaRRwPkpI,LINK_INVENTORIED_NOT_BINARY_DOWNLOADED
comm-693de9a3c4b9afe94cef2956,src-20601641ec105ff5a9c24514,VIDEO,https://www.youtube.com/watch?v=oKwXGG3tSh8,LINK_INVENTORIED_NOT_BINARY_DOWNLOADED
comm-6949a7520e8023963953a50b,src-a5e12b9b7a36c1b264314fbd,VIDEO,https://www.youtube.com/watch?v=A2E_eKLhFTk,LINK_INVENTORIED_NOT_BINARY_DOWNLOADED
comm-69724785034d14cb47c745eb,src-542671857e6045f05251d09f,VIDEO,https://www.youtube.com/watch?v=xoQP3eDLVKk,LINK_INVENTORIED_NOT_BINARY_DOWNLOADED
comm-6a03e31f29a38366b1868773,src-aad0170ee7d96947a30fab2e,VIDEO,https://www.youtube.com/watch?v=rB-N3kA6dCY,LINK_INVENTORIED_NOT_BINARY_DOWNLOADED
comm-6b13ff882d31bb29d7f9e87b,src-81e8ef26b94e302ef75637fb,VIDEO,https://www.youtube.com/watch?v=mjmcYNmGte0,LINK_INVENTORIED_NOT_BINARY_DOWNLOADED
comm-6b9c4d0ef1f6f0199bb166ef,src-65c7f35747108cce973ec29d,VIDEO,https://www.youtube.com/watch?v=fz3knZt7FJY,LINK_INVENTORIED_NOT_BINARY_DOWNLOADED
comm-6be87bfab41ce9d52a8d91c4,src-6e7a7208f1146e3563283ad7,VIDEO,https://www.youtube.com/watch?v=3rlR_pJQhDg,LINK_INVENTORIED_NOT_BINARY_DOWNLOADED
comm-6ce526be2d096bd37431cc91,src-2c4c55aacfd5903f9420050b,VIDEO,http://www.youtube.com/watch?v=kQFKtI6gn9Y,LINK_INVENTORIED_NOT_BINARY_DOWNLOADED
comm-6e908edc73f815da3b138bad,src-360b976a135b5dc1d932f21b,VIDEO,https://www.youtube.com/watch?v=KnDgHrqKNiw,LINK_INVENTORIED_NOT_BINARY_DOWNLOADED
comm-6e984109dfba50a379860fc9,src-989133c898395d58e10a1e47,VIDEO,https://www.youtube.com/watch?v=RotcD7OREP4,LINK_INVENTORIED_NOT_BINARY_DOWNLOADED
comm-6edb11e3eebc73d2500197e7,src-67c6ed63329752f4f4e91054,TRANSCRIPT_OR_CAPTIONS,https://www.federalreserve.gov/mediacenter/files/payments-conference-panel-1-transcript.pdf,LINK_INVENTORIED_NOT_BINARY_DOWNLOADED
comm-6edb11e3eebc73d2500197e7,src-67c6ed63329752f4f4e91054,TRANSCRIPT_OR_CAPTIONS,https://www.federalreserve.gov/mediacenter/files/payments-conference-panel-3-transcript.pdf,LINK_INVENTORIED_NOT_BINARY_DOWNLOADED
comm-6edb11e3eebc73d2500197e7,src-67c6ed63329752f4f4e91054,TRANSCRIPT_OR_CAPTIONS,https://www.federalreserve.gov/mediacenter/files/payments-conference-panel-4-transcript.pdf,LINK_INVENTORIED_NOT_BINARY_DOWNLOADED
comm-6ee6f5db36c49e9ff6f3dc53,src-16717d7011d695d04f0028d9,VIDEO,https://www.youtube.com/live/izmOhgLd_b4,LINK_INVENTORIED_NOT_BINARY_DOWNLOADED
comm-71d851e69e300104dbc66a38,src-1ca272c4018bea5b6a486690,VIDEO,https://www.youtube.com/watch?v=W6yH5I4-CO0,LINK_INVENTORIED_NOT_BINARY_DOWNLOADED
comm-73258ce7d1ecd1e1734a0e9f,src-18dcbbb1cbe26c9c7ed2367f,VIDEO,https://www.youtube.com/watch?v=_DlwAMNuBbE,LINK_INVENTORIED_NOT_BINARY_DOWNLOADED
comm-73508d7760d212fda5c562ca,src-485bdfdc8c710e9e6adfa767,VIDEO,https://www.youtube.com/watch?v=zEU1S9D2TQ8,LINK_INVENTORIED_NOT_BINARY_DOWNLOADED
comm-7397852cb5c207bc1349fb41,src-a90ce86b80a5cca1b7c49229,VIDEO,https://www.youtube.com/watch?v=pr3Z4lg-2uQ,LINK_INVENTORIED_NOT_BINARY_DOWNLOADED
comm-7410ea934bd06fe1f58c58de,src-d54ce51c96177e1ee607882c,VIDEO,https://www.youtube.com/live/TkLSMyVkU2o,LINK_INVENTORIED_NOT_BINARY_DOWNLOADED
comm-74b9fab49018e25db53082ed,src-4ed97f5832ad2b2a2e45f9d0,VIDEO,https://www.youtube.com/watch?v=ZdMrupJANcE,LINK_INVENTORIED_NOT_BINARY_DOWNLOADED
comm-74ce1969d67062809f77feea,src-5363a827d76f35ac0127777c,VIDEO,https://youtu.be/cX9S0o0V084,LINK_INVENTORIED_NOT_BINARY_DOWNLOADED
comm-75ef08f3f3c3bd77f4d2e4a1,src-8ab6ea18981a893bd58bb885,VIDEO,https://www.youtube.com/watch?v=DgBIPPGl76s,LINK_INVENTORIED_NOT_BINARY_DOWNLOADED
comm-770ef87b8c1bceb0053cff86,src-7ce371d868c13cfe4f748642,VIDEO,https://www.youtube.com/watch?v=8DPPuKJD-XY,LINK_INVENTORIED_NOT_BINARY_DOWNLOADED
comm-777a6a622642ddf52720fef2,src-a1f1f81aaf941dc7e3a8d7e1,VIDEO,https://www.youtube.com/watch?v=QflMLcylwVA,LINK_INVENTORIED_NOT_BINARY_DOWNLOADED
comm-778556ff34e51e58748c8d30,src-57d696154163de7a91901061,VIDEO,https://www.youtube.com/watch?v=44OS61C5ajQ,LINK_INVENTORIED_NOT_BINARY_DOWNLOADED
comm-778727f7d0d05aabd4e84eab,src-cb5ba85fd09ccb1a6c02cf28,VIDEO,https://www.youtube.com/watch?v=GgnU1kOnlew,LINK_INVENTORIED_NOT_BINARY_DOWNLOADED
comm-77f749e1132d71f11f5ff388,src-8f965a481efafbb0f7f72057,VIDEO,https://youtu.be/AxFVQJG_Wbk,LINK_INVENTORIED_NOT_BINARY_DOWNLOADED
comm-78f673496d2f28917f9552bd,src-6f187541544901073f397e74,VIDEO,https://www.youtube.com/watch?v=UQ5k6yvsWls,LINK_INVENTORIED_NOT_BINARY_DOWNLOADED
comm-7a004dcdab28d3a7ef902148,src-75ad3c3217cc7204262ac6eb,VIDEO,https://www.youtube.com/live/-lYOKvBN9wE,LINK_INVENTORIED_NOT_BINARY_DOWNLOADED
comm-7b2ba45c1d5d7bd1e177114b,src-93cd2a241cc1f1b1a600fd92,VIDEO,https://www.youtube.com/watch?v=AA0hwm0g31A,LINK_INVENTORIED_NOT_BINARY_DOWNLOADED
comm-7b2ba45c1d5d7bd1e177114b,src-93cd2a241cc1f1b1a600fd92,VIDEO,https://www.youtube.com/watch?v=Bg2FxdBmasU,LINK_INVENTORIED_NOT_BINARY_DOWNLOADED
comm-7cc1a2bc4c4be8c91da2295e,src-706a072c0c61516203e82ad8,VIDEO,https://www.youtube.com/watch?v=Htdyi0my4gA,LINK_INVENTORIED_NOT_BINARY_DOWNLOADED
comm-80755c5ca1c08ff78a814876,src-73916ce16d993e81b10829eb,VIDEO,https://www.youtube.com/live/lGLxp31QYKo,LINK_INVENTORIED_NOT_BINARY_DOWNLOADED
comm-807b3beff7d738122e5e29c1,src-1bb79d717d7c826be8def9aa,VIDEO,https://www.youtube.com/watch?v=attf4J9pyxo,LINK_INVENTORIED_NOT_BINARY_DOWNLOADED
comm-807f4291731666386286ca8a,src-cc3cb7ae2ca35d911cf442e5,VIDEO,https://www.youtube.com/watch?v=VJvuC5VCtiI,LINK_INVENTORIED_NOT_BINARY_DOWNLOADED
comm-80a71ef78204964c0a6b17ce,src-9f2413698d49fb0b953bb244,VIDEO,https://www.youtube.com/watch?v=dk9ADluzymQ,LINK_INVENTORIED_NOT_BINARY_DOWNLOADED
comm-819c6f2ac44ce5dcf5853881,src-ef62f580d29adc315a1d5a72,VIDEO,https://www.youtube.com/watch?v=H0VdlmRS3UY,LINK_INVENTORIED_NOT_BINARY_DOWNLOADED
comm-81f0fd42e6342c505ddca17c,src-f0af7b8b1d61bc477477c649,VIDEO,https://youtu.be/kql4-A3ynNk?t=15076,LINK_INVENTORIED_NOT_BINARY_DOWNLOADED
comm-821c3426f4ea5d90291269f9,src-26c9dfca72c5681a6e3874f2,VIDEO,https://www.youtube.com/watch?v=C949hLSQFZs,LINK_INVENTORIED_NOT_BINARY_DOWNLOADED
comm-84cad3a06bead845587bb7a2,src-51ef501f2480c67d1ede57aa,AUDIO,https://minneapolisfed.org/-/media/files/news_events/pres/nrk05-23-12.mp3?rev=031b3dd9561646d69d4a232b755bd77f,LINK_INVENTORIED_NOT_BINARY_DOWNLOADED
comm-84cad3a06bead845587bb7a2,src-51ef501f2480c67d1ede57aa,AUDIO,https://minneapolisfed.org/-/media/files/news_events/pres/nrk05-23-12_qa.mp3?rev=9be46c79ccad4afcaedefc65ea3665d6,LINK_INVENTORIED_NOT_BINARY_DOWNLOADED
comm-8594c108521dada01f098b82,src-0b7ea71309ef047ad4875f16,VIDEO,https://www.youtube.com/live/2pOO7GDVYjc,LINK_INVENTORIED_NOT_BINARY_DOWNLOADED
comm-864c73de4b69524f0535bcee,src-7f7ac1099e4ff0ec94685a11,VIDEO,https://www.youtube.com/watch?v=yRFsxaaU-_A,LINK_INVENTORIED_NOT_BINARY_DOWNLOADED
comm-8660c915296650e5fdbe712b,src-c423c7dc8bdca1c2494fef81,VIDEO,https://www.youtube.com/live/7B_DBWrd1rk,LINK_INVENTORIED_NOT_BINARY_DOWNLOADED
comm-86913cbaffa675a9819c34e5,src-a80d0d11b25f743df9b7afaf,VIDEO,https://www.youtube.com/watch?v=q7d3U8kU0t0,LINK_INVENTORIED_NOT_BINARY_DOWNLOADED
comm-8824cec959f0cc05ad3c39ea,src-8826cb31641b334f1e53d5d0,VIDEO,https://www.youtube.com/watch?v=VteV5qCjmqo,LINK_INVENTORIED_NOT_BINARY_DOWNLOADED
comm-884cde958814b06a8fa57e85,src-7b4409b8d0e8e1ae26208859,VIDEO,https://www.youtube.com/watch?v=Skk6Jri_saw,LINK_INVENTORIED_NOT_BINARY_DOWNLOADED
comm-88a5933227bb79db62d4568c,src-9185b3e89c0ef50de08dd847,VIDEO,https://www.youtube.com/watch?v=apaArGtQxu8,LINK_INVENTORIED_NOT_BINARY_DOWNLOADED
comm-89a45c82760d1d3770247c2a,src-9550b536ee07f13c7467a187,VIDEO,https://www.youtube.com/watch?v=t_4BGU7UcQM,LINK_INVENTORIED_NOT_BINARY_DOWNLOADED
comm-8adc2497d6784ecfc793479d,src-bf47344cd41177532e0e1bf8,VIDEO,https://www.youtube.com/watch?v=fDLSSFHA4-s,LINK_INVENTORIED_NOT_BINARY_DOWNLOADED
comm-8b724527025c046396204ffd,src-30f78bdaf85527841c9b68a4,VIDEO,https://www.youtube.com/watch?v=CvpkmGrvTXQ,LINK_INVENTORIED_NOT_BINARY_DOWNLOADED
comm-8bd54d933bcc1a22df1cfae7,src-74704e0b18cdabb87cc3a327,VIDEO,https://www.youtube.com/watch?v=rsrEImDo-6g,LINK_INVENTORIED_NOT_BINARY_DOWNLOADED
comm-8c31e807f247d76692abbdd8,src-85d806db970e51df896bad0f,VIDEO,https://www.youtube.com/watch?v=zNmQx7fZx9g,LINK_INVENTORIED_NOT_BINARY_DOWNLOADED
comm-8ca2b652cbab04609a422a49,src-fc402f5f87200867f8543ce4,VIDEO,https://youtu.be/7nqUL6Os2aM,LINK_INVENTORIED_NOT_BINARY_DOWNLOADED
comm-8d37e4e46df33680ce31198b,src-d2ae404cc0ce6fcf88759646,VIDEO,https://www.youtube.com/watch?v=Gc0Il7XZ1ng,LINK_INVENTORIED_NOT_BINARY_DOWNLOADED
comm-8d73595b7ae9f69a450c837a,src-cbe22d37b54b2293987fde30,VIDEO,https://www.youtube.com/watch?v=vvn6u_Mxhoc,LINK_INVENTORIED_NOT_BINARY_DOWNLOADED
comm-8dc54d7fe76b207746d6936a,src-5dad488712bf3ce9976aea1c,VIDEO,https://www.youtube.com/watch?v=C4TpoCE9tQQ,LINK_INVENTORIED_NOT_BINARY_DOWNLOADED
comm-8dd13feaa60338edc19bfa46,src-85e410dbb31f08b75854166f,VIDEO,https://www.youtube.com/watch?v=LU7Ihkc9kUc,LINK_INVENTORIED_NOT_BINARY_DOWNLOADED
comm-8e8389924e856286d5190a1e,src-3a7e38348aad638bc5e38b7d,VIDEO,https://www.youtube.com/watch?v=r6Au7X6PY3w,LINK_INVENTORIED_NOT_BINARY_DOWNLOADED
comm-8ecf845c3b473d68d8b0927d,src-71170c0aab99ec75b3d23b4b,VIDEO,https://www.youtube.com/watch?v=MWjLIaLu5vw,LINK_INVENTORIED_NOT_BINARY_DOWNLOADED
comm-8fcc1136507296d64bd9cb2c,src-24763f475ddb95e8d62f5e33,AUDIO,https://minneapolisfed.org/-/media/files/news_events/pres/nrk11-18-13.mp3?rev=e3bf6aaa26de48d69e46a7df24bf5c0d,LINK_INVENTORIED_NOT_BINARY_DOWNLOADED
comm-8fcc1136507296d64bd9cb2c,src-24763f475ddb95e8d62f5e33,VIDEO,http://www.youtube.com/watch?v=9DVS1zu5v-Q,LINK_INVENTORIED_NOT_BINARY_DOWNLOADED
comm-8fcc1136507296d64bd9cb2c,src-24763f475ddb95e8d62f5e33,VIDEO,http://www.youtube.com/watch?v=j1McxMJCHbs,LINK_INVENTORIED_NOT_BINARY_DOWNLOADED
comm-908fc55313213941f07a25ad,src-5f562ae6b0d1dff5dd6342bd,VIDEO,https://www.youtube.com/watch?v=Ndl4drw5QOE,LINK_INVENTORIED_NOT_BINARY_DOWNLOADED
comm-911cd7b9f90befdb8ee38a9b,src-f799390471874aa131b10ef9,VIDEO,https://www.youtube.com/watch?v=SAcAnchdfBY,LINK_INVENTORIED_NOT_BINARY_DOWNLOADED
comm-928c5574b79fde8ad74b88bc,src-4b2e2b611041929e4a572aab,VIDEO,https://www.youtube.com/watch?v=s6W2uszQwrw,LINK_INVENTORIED_NOT_BINARY_DOWNLOADED
comm-92b91ecff8a757c67ff13d85,src-194d6bd82c08b3e956718616,VIDEO,https://www.youtube.com/watch?v=RZfLNcXIGa0,LINK_INVENTORIED_NOT_BINARY_DOWNLOADED
comm-944e7f6c4a0de2ef9c9cda5a,src-2d74cafb27ba92d26b0189c2,VIDEO,https://www.youtube.com/watch?v=35Jce4CXx8s,LINK_INVENTORIED_NOT_BINARY_DOWNLOADED
comm-9653581bc1b8d874e8abb61e,src-10e9903cd49e8f0caebc5017,VIDEO,https://www.youtube.com/watch?v=cx1t1RZwzc4,LINK_INVENTORIED_NOT_BINARY_DOWNLOADED
comm-965bf33061b5afd02bf66b1b,src-e830f50f63de6e07a1f49ff1,VIDEO,https://www.youtube.com/live/hKFonQgs7tU,LINK_INVENTORIED_NOT_BINARY_DOWNLOADED
comm-96ff61a2e2f558b1038f2388,src-249d13327aa3798e332c8011,VIDEO,https://www.youtube.com/watch?v=af_7IiNtoDA,LINK_INVENTORIED_NOT_BINARY_DOWNLOADED
comm-976261aae1cb2d3d6cd91ec2,src-17c45eca809d3c8237bd9ec0,VIDEO,https://www.youtube.com/watch?v=SfkOkitmgns,LINK_INVENTORIED_NOT_BINARY_DOWNLOADED
comm-976c4e6d70aa4a99c7b0d929,src-ed346a4d116f17964c6e2a9e,VIDEO,https://www.youtube.com/watch?v=bY_8iMjJJzM,LINK_INVENTORIED_NOT_BINARY_DOWNLOADED
comm-97921db8767602a94b9d2745,src-3b5fd379e3b176f559b3d2e8,VIDEO,https://www.youtube.com/watch?v=9niGyFKYL98,LINK_INVENTORIED_NOT_BINARY_DOWNLOADED
comm-97ac354ab75d69754a56f13e,src-96b58c656b51b4b7653870c0,VIDEO,https://www.youtube.com/live/UCY0loEGWcs?si=T-gETTvIJD1D32iB,LINK_INVENTORIED_NOT_BINARY_DOWNLOADED
comm-996e863d01cca8874b8e2f52,src-722996e1d0f4ca1f0870dd89,VIDEO,https://youtu.be/-ClUw7fQ7Vg,LINK_INVENTORIED_NOT_BINARY_DOWNLOADED
comm-9987dbb395a670976ec12b0b,src-2a934e42effd904cea27c9d2,VIDEO,http://www.youtube.com/watch?v=oc_FsZGmFn8,LINK_INVENTORIED_NOT_BINARY_DOWNLOADED
comm-9a4659a5c3e3c3e886aed741,src-90f04160848ac5cfde830b5d,VIDEO,https://www.youtube.com/watch?v=DH7hvrN8Zy0,LINK_INVENTORIED_NOT_BINARY_DOWNLOADED
comm-9ad6bb685214504b1e91088f,src-b1f4cf1e8c6802dbe5ba3272,VIDEO,https://www.youtube.com/watch?v=_n7eWwyOnBo,LINK_INVENTORIED_NOT_BINARY_DOWNLOADED
comm-9bf307141b0ab46d73845cea,src-a252d79b64d8788d10adc87b,VIDEO,http://www.youtube.com/watch?v=f4-NrDtWE2o,LINK_INVENTORIED_NOT_BINARY_DOWNLOADED
comm-9d84b46f8faf0dfd742df892,src-504804d575b2b02f4cfa7f56,VIDEO,https://www.youtube.com/watch?v=v-CMpi_sLQc,LINK_INVENTORIED_NOT_BINARY_DOWNLOADED
comm-9ef95c49960eda687539574e,src-f14ccd2b3a4f51be195276b1,VIDEO,https://www.youtube.com/watch?v=FXZsclE8D_k,LINK_INVENTORIED_NOT_BINARY_DOWNLOADED
comm-9fb4353fbdd6b01446849d29,src-c4848db0d2d5f2b05822003f,VIDEO,https://www.youtube.com/watch?v=ydyV5boZBj0,LINK_INVENTORIED_NOT_BINARY_DOWNLOADED
comm-9ff57c278c59cabdf4f5177a,src-1486738a9274c707a0d49cb6,VIDEO,https://www.youtube.com/watch?v=_QwVzn4qzTU,LINK_INVENTORIED_NOT_BINARY_DOWNLOADED
comm-a0b9e34c46963667eb82fe08,src-3eb798e77cd3e72211a05dcd,VIDEO,https://www.youtube.com/watch?v=KUTUhZk3CNc,LINK_INVENTORIED_NOT_BINARY_DOWNLOADED
comm-a19436fdfeb174337045d08a,src-b08dcb541beb062eb0d3fba9,VIDEO,https://youtube.com/live/53eGnJIOBcY,LINK_INVENTORIED_NOT_BINARY_DOWNLOADED
comm-a1cfb959b2b0dc85fa4b5608,src-bc2d49ba6be0ee16d821cc50,VIDEO,https://www.youtube.com/watch?v=6ES6yRb2AaQ,LINK_INVENTORIED_NOT_BINARY_DOWNLOADED
comm-a1e4486a315dce068c8879be,src-02ac8d9ca0c03738d73a0eb6,VIDEO,https://youtube.com/live/aKTaSa3N2mw,LINK_INVENTORIED_NOT_BINARY_DOWNLOADED
comm-a1fab1285da3e4e9a55121c0,src-0601ab9d3e46810079ee18db,VIDEO,https://www.youtube.com/watch?v=_CDayI2Afy0,LINK_INVENTORIED_NOT_BINARY_DOWNLOADED
comm-a209b4120caa7edc3dbd2626,src-1bb595aa736eecb5cb6cf448,VIDEO,https://www.youtube.com/watch?v=uLVbNPHVj5I,LINK_INVENTORIED_NOT_BINARY_DOWNLOADED
comm-a219610a24553a103bfac3d8,src-7a8fe9a3167b4506345d53a7,AUDIO,https://minneapolisfed.org/-/media/files/news_events/pres/kashkari-20180323-game.mp3?rev=51a685cfc7a64d9080ddd6647e30988e,LINK_INVENTORIED_NOT_BINARY_DOWNLOADED
comm-a219610a24553a103bfac3d8,src-7a8fe9a3167b4506345d53a7,AUDIO,https://minneapolisfed.org/-/media/files/news_events/pres/kashkari-20180323-univclub.mp3?rev=b7bc19f99f4b4157bef8970e94b5c692,LINK_INVENTORIED_NOT_BINARY_DOWNLOADED
comm-a219610a24553a103bfac3d8,src-a7b22cff87af0a858c0491ed,AUDIO,https://www.minneapolisfed.org/-/media/files/news_events/pres/kashkari-20180323-game.mp3?rev=51a685cfc7a64d9080ddd6647e30988e,LINK_INVENTORIED_NOT_BINARY_DOWNLOADED
comm-a219610a24553a103bfac3d8,src-a7b22cff87af0a858c0491ed,AUDIO,https://www.minneapolisfed.org/-/media/files/news_events/pres/kashkari-20180323-univclub.mp3?rev=b7bc19f99f4b4157bef8970e94b5c692,LINK_INVENTORIED_NOT_BINARY_DOWNLOADED
comm-a2a57c5b6cacdb5be1854789,src-a0eb340bbee311d8c0685499,AUDIO,https://www.minneapolisfed.org/-/media/files/news_events/pres/kashkari-02-16-2016-media-qa.mp3?rev=d5fcf813246542a5a431e4c02a64caea,LINK_INVENTORIED_NOT_BINARY_DOWNLOADED
comm-a2a57c5b6cacdb5be1854789,src-a0eb340bbee311d8c0685499,VIDEO,https://www.youtube.com/watch?v=JQ4ptjfB40w,LINK_INVENTORIED_NOT_BINARY_DOWNLOADED
comm-a303d0afb70a9f10d706f66c,src-186303f15be091a9de84692c,VIDEO,https://www.youtube.com/watch?v=Zr3SqcGV8m4,LINK_INVENTORIED_NOT_BINARY_DOWNLOADED
comm-a486f6c9300d41de807c8de1,src-a98d7ee61f0f2157ec424a5c,VIDEO,https://www.youtube.com/watch?v=QA6YWkWALoA,LINK_INVENTORIED_NOT_BINARY_DOWNLOADED
comm-a7129685cd24630898423b1a,src-855f3d9283258b6b503653cb,VIDEO,https://www.youtube.com/watch?v=RotcD7OREP4,LINK_INVENTORIED_NOT_BINARY_DOWNLOADED
comm-a742a6be372135538b601dfd,src-fdc4da26f49b0610741f766c,VIDEO,https://www.youtube.com/watch?v=UY_60dWrMwE,LINK_INVENTORIED_NOT_BINARY_DOWNLOADED
comm-a7533068e8bb88b9d1746a35,src-c88c69b6dc48b8a9d3abbeaa,VIDEO,https://www.youtube.com/watch?v=f-WHrAj_GAs,LINK_INVENTORIED_NOT_BINARY_DOWNLOADED
comm-a7b9f29ab23a7571b54735b9,src-de004628344b449a2e5abdeb,VIDEO,https://www.youtube.com/watch?v=XZDdEc7w4DE,LINK_INVENTORIED_NOT_BINARY_DOWNLOADED
comm-a7c183bd692067ccf5008845,src-f050462bfab6e01edb8ef806,VIDEO,https://www.youtube.com/watch?v=hIoxaeO3waE,LINK_INVENTORIED_NOT_BINARY_DOWNLOADED
comm-a88a30129452b90bb30064e6,src-8a90ea42ede04e766519a72e,VIDEO,https://www.youtube.com/watch?v=CHD_9qvw8_U,LINK_INVENTORIED_NOT_BINARY_DOWNLOADED
comm-aa0ebff5054bce2be3f88d6d,src-7593d15395f0525e16ec5f22,VIDEO,https://www.youtube.com/watch?v=tMMGtKTVDAM,LINK_INVENTORIED_NOT_BINARY_DOWNLOADED
comm-aaa4bfa917d36fd44fba8066,src-2b3484b1da471b6ebea742c3,VIDEO,https://www.youtube.com/watch?v=54yeEV4GL-s,LINK_INVENTORIED_NOT_BINARY_DOWNLOADED
comm-aaa91a7b3724445475c1ff65,src-94673ea4081e5f407e2f6a2c,VIDEO,https://www.youtube.com/watch?v=mUUTKEfL4Qk,LINK_INVENTORIED_NOT_BINARY_DOWNLOADED
comm-aaf12515899ab57adfac6c64,src-44390020d3852008d849dbc6,VIDEO,https://www.youtube.com/live/Siksq0XmGHY,LINK_INVENTORIED_NOT_BINARY_DOWNLOADED
comm-aafa03698532dab075d5dee6,src-57afed519557aef9edbe58fe,VIDEO,https://www.youtube.com/watch?v=hcvCHdN2T6k,LINK_INVENTORIED_NOT_BINARY_DOWNLOADED
comm-ac1aea59e8c141eacec34534,src-18857e978cc8162bc6e3c8c8,VIDEO,https://youtu.be/zxFECH7ZO4w,LINK_INVENTORIED_NOT_BINARY_DOWNLOADED
comm-ac6b01758939e6748a4188b0,src-24c7c8530f761bb5f9b03c8c,VIDEO,https://www.youtube.com/watch?v=6wChl6f2WhE,LINK_INVENTORIED_NOT_BINARY_DOWNLOADED
comm-ac9bcd2d1d1270afb9474718,src-8dfc1c3d85488ee6ad195eca,VIDEO,https://www.youtube.com/watch?v=9OW90fPxYjM,LINK_INVENTORIED_NOT_BINARY_DOWNLOADED
comm-ad3bf3ba20ddb8cca3b35b57,src-cc370e38bb172de1f31054bf,VIDEO,https://youtu.be/XJNQEG2DtXU,LINK_INVENTORIED_NOT_BINARY_DOWNLOADED
comm-adf84b917ef280f46c225b89,src-1048deaa16eb189b322add83,VIDEO,https://www.youtube.com/watch?v=vRFUabFasrA,LINK_INVENTORIED_NOT_BINARY_DOWNLOADED
comm-afdefe745542d79f03aff62b,src-7f5f90fa86ae06f813a53ee2,VIDEO,https://youtu.be/t9OFQ1yC_ac,LINK_INVENTORIED_NOT_BINARY_DOWNLOADED
comm-b0f78c8fa94a1ed60079892a,src-81a5acd296c4aeaa53ad3fde,VIDEO,https://www.youtube.com/live/XtFioxteO5k,LINK_INVENTORIED_NOT_BINARY_DOWNLOADED
comm-b275f885ac93866128b6e8d0,src-179f5a1802e1d1ee5d48ab10,VIDEO,https://www.youtube.com/live/4V9q8ePU8AY?feature=shared,LINK_INVENTORIED_NOT_BINARY_DOWNLOADED
comm-b398ebfe4707cb9b1909f1d1,src-836726bee29d9b8959dee7f0,VIDEO,https://youtu.be/XQEP8PPAQkM,LINK_INVENTORIED_NOT_BINARY_DOWNLOADED
comm-b44eab1a1e2603054d3a8dc1,src-149d961f936a929f882ba863,VIDEO,https://www.youtube.com/watch?v=X7XhZhsyct4,LINK_INVENTORIED_NOT_BINARY_DOWNLOADED
comm-b4b0747aeec312cea250cafd,src-607e5b3a984afac901c6c7f0,VIDEO,https://www.youtube.com/watch?v=u-KKOjwROHM,LINK_INVENTORIED_NOT_BINARY_DOWNLOADED
comm-b5ae53bd28b213c91023ef76,src-80253ee58baa5b8cf2ac094e,VIDEO,https://www.youtube.com/watch?v=C4TpoCE9tQQ,LINK_INVENTORIED_NOT_BINARY_DOWNLOADED
comm-b5c5d88f1cce4950be020b1e,src-921af21469134536b43febc1,VIDEO,https://www.youtube.com/watch?v=v6u9_bELPjY&t=26s,LINK_INVENTORIED_NOT_BINARY_DOWNLOADED
comm-b6935ad5971e680395566ec1,src-df23b87df7ff2891606e5c97,AUDIO,https://minneapolisfed.org/-/media/files/news_events/pres/kashkari-06-20-2016-media-qa.mp3?rev=3a05d59402a6455bb7f0380249a09d07,LINK_INVENTORIED_NOT_BINARY_DOWNLOADED
comm-b6935ad5971e680395566ec1,src-ad38b8e9b28c402ed1d06fb8,AUDIO,https://www.minneapolisfed.org/-/media/files/news_events/pres/kashkari-06-20-2016-media-qa.mp3?rev=3a05d59402a6455bb7f0380249a09d07,LINK_INVENTORIED_NOT_BINARY_DOWNLOADED
comm-b6935ad5971e680395566ec1,src-ad38b8e9b28c402ed1d06fb8,VIDEO,https://www.youtube.com/watch?v=wMYYp789cwk,LINK_INVENTORIED_NOT_BINARY_DOWNLOADED
comm-b7db1549c6fc7a68b3200870,src-aff06149d970a12829fa69dd,VIDEO,https://www.youtube.com/watch?v=NUD0xWEhTjc,LINK_INVENTORIED_NOT_BINARY_DOWNLOADED
comm-b906cf6579e70c0546f98615,src-65043591630f7144b13bc1ee,VIDEO,https://www.youtube.com/watch?v=DKZWKWAXLuo,LINK_INVENTORIED_NOT_BINARY_DOWNLOADED
comm-ba0a73d7bf533b5872cda43c,src-12ca2585a8f2b64f66737f96,VIDEO,https://www.youtube.com/watch?v=3vicZkVfMtw,LINK_INVENTORIED_NOT_BINARY_DOWNLOADED
comm-ba3dd579a91c908542508b57,src-5498dd4edf55cd91c37d7710,AUDIO,https://minneapolisfed.org/-/media/files/news_events/pres/2014_11-18nrk_qa.mp3?rev=69c7edc964914eb791acfe6b283f4853,LINK_INVENTORIED_NOT_BINARY_DOWNLOADED
comm-ba3dd579a91c908542508b57,src-5498dd4edf55cd91c37d7710,AUDIO,https://minneapolisfed.org/-/media/files/news_events/pres/2014_11-18nrk_scrum.mp3?rev=f9fecada919d44e7854c8978a949ba00,LINK_INVENTORIED_NOT_BINARY_DOWNLOADED
comm-ba3dd579a91c908542508b57,src-5498dd4edf55cd91c37d7710,AUDIO,https://minneapolisfed.org/-/media/files/news_events/pres/2014_11-18nrk_speech.mp3?rev=0b165e7a3b53497a84cea6833013297e,LINK_INVENTORIED_NOT_BINARY_DOWNLOADED
comm-ba3dd579a91c908542508b57,src-5498dd4edf55cd91c37d7710,VIDEO,http://www.youtube.com/watch?v=UTa_-7lf6Xk,LINK_INVENTORIED_NOT_BINARY_DOWNLOADED
comm-ba3dd579a91c908542508b57,src-5498dd4edf55cd91c37d7710,VIDEO,http://www.youtube.com/watch?v=kiJ5OKo36Xg,LINK_INVENTORIED_NOT_BINARY_DOWNLOADED
comm-ba3dd579a91c908542508b57,src-5498dd4edf55cd91c37d7710,VIDEO,https://www.youtube.com/watch?v=huLrIT3RW4M,LINK_INVENTORIED_NOT_BINARY_DOWNLOADED
comm-bac6676b8b8737381d34dd18,src-5089a68f0a5a14a36c8804f0,VIDEO,https://www.youtube.com/live/dHFbJaS5g2U?si=O557Fm207nYj7VPW,LINK_INVENTORIED_NOT_BINARY_DOWNLOADED
comm-bb4bcead94c1ac9087e42e2f,src-3af64794a2995bdc2030562e,VIDEO,https://www.youtube.com/watch?v=PJyeOu0R0JI,LINK_INVENTORIED_NOT_BINARY_DOWNLOADED
comm-bb599f618255e0cd5514c2ef,src-d9d6772b59308eb67a9a82b0,VIDEO,https://www.youtube.com/watch?v=Ydp9M7HSjQc,LINK_INVENTORIED_NOT_BINARY_DOWNLOADED
comm-bd31facf5aab7c0bf8e8d483,src-f8145c6afb0a1d480ec85a48,VIDEO,https://www.youtube.com/watch?v=q_j-mlLLs_g&t=4s,LINK_INVENTORIED_NOT_BINARY_DOWNLOADED
comm-bd66e9986df25fcf2ac662e5,src-36c6e1684b617a5624dd1ac0,VIDEO,https://www.youtube.com/watch?v=ZnDt7VOQPgw,LINK_INVENTORIED_NOT_BINARY_DOWNLOADED
comm-bf4cf4ddc99e74581d3767e8,src-5b9352d44999c2255e82a671,VIDEO,https://www.youtube.com/watch?v=xsgPAz7gVxs,LINK_INVENTORIED_NOT_BINARY_DOWNLOADED
comm-c043fe90210323975844929c,src-6b566b9c75ed08d652476078,VIDEO,https://www.youtube.com/live/utHGdIruMRI,LINK_INVENTORIED_NOT_BINARY_DOWNLOADED
comm-c0647666863d8015bc814ff2,src-38b1e2a792556584523a5ca1,VIDEO,https://www.youtube.com/watch?v=W_GWirAY550,LINK_INVENTORIED_NOT_BINARY_DOWNLOADED
comm-c1332904086a555fcad79902,src-34d87395320fde5a85decc9d,VIDEO,https://www.youtube.com/watch?v=Jqbc4lTm8vM,LINK_INVENTORIED_NOT_BINARY_DOWNLOADED
comm-c177f5ad59aec5b12bad2c95,src-cac9f237067910af93d8d832,VIDEO,https://www.youtube.com/watch?v=aKw6Qyu7WIY,LINK_INVENTORIED_NOT_BINARY_DOWNLOADED
comm-c190f9688867328a53a1fac5,src-bf2a96b09f1f4112859c1a41,VIDEO,https://www.youtube.com/watch?v=I9nFKI_fM1c,LINK_INVENTORIED_NOT_BINARY_DOWNLOADED
comm-c1c7c869551c7cc16c8b16a9,src-a90fe96dec8bd67ce9bf0f99,VIDEO,https://www.youtube.com/watch?v=6BPdO1SWeBo,LINK_INVENTORIED_NOT_BINARY_DOWNLOADED
comm-c3f97e51464c79ffd0442cd2,src-00b25d90f5f3ec2e8180139c,VIDEO,https://www.youtube.com/watch?v=6tFuKV5IHPY,LINK_INVENTORIED_NOT_BINARY_DOWNLOADED
comm-c486b3d01fbb0a7e7935a993,src-4bee8a6392ffc07c87c42340,VIDEO,https://www.youtube.com/watch?v=GQgMe-Ec-C8,LINK_INVENTORIED_NOT_BINARY_DOWNLOADED
comm-c5a13c59883f83cf0093ed30,src-86cdd10f575a2e283b93d354,VIDEO,https://www.youtube.com/watch?v=trl7aatglAw,LINK_INVENTORIED_NOT_BINARY_DOWNLOADED
comm-c7322350942c5fff5c7c564c,src-2328bfe591ad606dfdf5995c,VIDEO,https://www.youtube.com/watch?v=TOAQNgXCc5U,LINK_INVENTORIED_NOT_BINARY_DOWNLOADED
comm-c789a150ea9cb57284bd6025,src-fe1b60107900840af6e6fea9,VIDEO,https://www.youtube.com/watch?v=AlMj8CB8V8A,LINK_INVENTORIED_NOT_BINARY_DOWNLOADED
comm-caa2e72d2ad0e89636861280,src-76fed0a93919a3f1d377dabc,VIDEO,https://youtu.be/nn1k2ULdk6s,LINK_INVENTORIED_NOT_BINARY_DOWNLOADED
comm-cabd97fad83573d5566b9005,src-6dab8cb8e923ad89c4dd0ec8,VIDEO,https://www.youtube.com/watch?v=C9T-PcfTa3o,LINK_INVENTORIED_NOT_BINARY_DOWNLOADED
comm-cad73df7960200398b596196,src-aed28076913617fe966d7b08,VIDEO,https://www.youtube.com/watch?v=kUZ1hXOAq-Y,LINK_INVENTORIED_NOT_BINARY_DOWNLOADED
comm-cb06832eea4ef7bc1d6b7c36,src-ec26358bc6475ea0755e19d7,VIDEO,https://www.youtube.com/watch?v=JDcBlRqNfI8&feature=youtu.be,LINK_INVENTORIED_NOT_BINARY_DOWNLOADED
comm-cb96b169fbe17a9045201e4c,src-85301ec559eb475c7b076462,VIDEO,https://www.youtube.com/watch?v=6W6zkKufL7Y,LINK_INVENTORIED_NOT_BINARY_DOWNLOADED
comm-cbbbb7bcf227a95288843d0c,src-28135756877e9eb03fb0ea6b,VIDEO,https://www.youtube.com/watch?v=uhZmFcVV3ys,LINK_INVENTORIED_NOT_BINARY_DOWNLOADED
comm-cc5cfdece049f6670d405df7,src-514be05113f559acbed8a408,VIDEO,https://www.youtube.com/watch?v=PoZHMmbUC4E,LINK_INVENTORIED_NOT_BINARY_DOWNLOADED
comm-cca224f0e4cd55adbf4358fb,src-39c56311c8e85b8d0d652a8a,VIDEO,https://www.youtube.com/watch?v=X7G2yxitBtg,LINK_INVENTORIED_NOT_BINARY_DOWNLOADED
comm-ccda3dc838105aadc17c4f91,src-ecdc8345b7c76fa285499019,VIDEO,https://www.youtube.com/watch?v=sZmdAlla7EY,LINK_INVENTORIED_NOT_BINARY_DOWNLOADED
comm-cd1a00bab3234b926c69d415,src-754864a2add68a3b9e9a6c4c,VIDEO,https://www.youtube.com/watch?v=ktBgb4xHKGY,LINK_INVENTORIED_NOT_BINARY_DOWNLOADED
comm-cd355af596016ee257d4c4c3,src-299bb3c9c30c7b85c19b20fe,VIDEO,https://www.youtube.com/watch?v=wHzm0N4oNZw,LINK_INVENTORIED_NOT_BINARY_DOWNLOADED
comm-ce385bc5a4ca26efa03d2552,src-14a8d46a462b3592d77fcc1a,VIDEO,https://www.youtube.com/watch?v=fOuhunUmaNE,LINK_INVENTORIED_NOT_BINARY_DOWNLOADED
comm-ce562feb46512698f61f48f1,src-63101172bc26a735aada1d91,VIDEO,https://www.youtube.com/watch?v=9GbCGOGPFWw,LINK_INVENTORIED_NOT_BINARY_DOWNLOADED
comm-d11582357f84a4ffe2dab616,src-f008fbb58a9f4f0ca03f676b,VIDEO,https://www.youtube.com/watch?v=gVhkEe1feNo,LINK_INVENTORIED_NOT_BINARY_DOWNLOADED
comm-d1a9f1318886d3a72451a460,src-d22321cfdf7679d012933a4d,VIDEO,https://www.youtube.com/watch?v=7MmCrh3tO4o&list=PLIfOLx3HAATfArOgwYqirC1tXGD6OVYvW,LINK_INVENTORIED_NOT_BINARY_DOWNLOADED
comm-d1b12cb05ce84a8cd44f93d0,src-dcd69b64f81c5f347b14279f,VIDEO,https://www.youtube.com/watch?v=9bl2Q5qDnVQ&feature=youtu.be,LINK_INVENTORIED_NOT_BINARY_DOWNLOADED
comm-d2d89c28f818a5cd25f11b08,src-3d391d314e9cd811ab488044,VIDEO,https://www.youtube.com/live/-E4dw7pCIbI,LINK_INVENTORIED_NOT_BINARY_DOWNLOADED
comm-d37bf0c7c6f131979bef809f,src-9297b99a12358963ad6b3315,VIDEO,http://www.youtube.com/watch?v=LdgrJlas9Pc,LINK_INVENTORIED_NOT_BINARY_DOWNLOADED
comm-d37bf0c7c6f131979bef809f,src-9297b99a12358963ad6b3315,VIDEO,http://www.youtube.com/watch?v=hFUgfl0PS5E,LINK_INVENTORIED_NOT_BINARY_DOWNLOADED
comm-d3e739fa32ffab09beafe8f5,src-d02d6a3576f23911824c532c,VIDEO,https://www.youtube.com/watch?v=cLvaM9Jbse8,LINK_INVENTORIED_NOT_BINARY_DOWNLOADED
comm-d4343ce57343c2986b309521,src-555876f04fb1a4cfc2e72740,VIDEO,https://www.youtube.com/watch?v=YI91lbUGSRQ,LINK_INVENTORIED_NOT_BINARY_DOWNLOADED
comm-d43eef8999fa440565879f62,src-d56b8258192bb921ccfa8722,VIDEO,https://www.youtube.com/watch?v=OFTWSRRkkCU,LINK_INVENTORIED_NOT_BINARY_DOWNLOADED
comm-d474e8b5d3652907bf0cb210,src-3537e461a654b2bda4514ee3,AUDIO,https://minneapolisfed.org/-/media/files/news_events/pres/2016-07-15-kashkari-bullard.mp3?rev=c37c975048bd426aaa57297c30a0f2b5,LINK_INVENTORIED_NOT_BINARY_DOWNLOADED
comm-d474e8b5d3652907bf0cb210,src-0c09bb4bc1bc8fdff201eb91,AUDIO,https://www.minneapolisfed.org/-/media/files/news_events/pres/2016-07-15-kashkari-bullard.mp3?rev=c37c975048bd426aaa57297c30a0f2b5,LINK_INVENTORIED_NOT_BINARY_DOWNLOADED
comm-d63893828e40068fe8a02633,src-098b8560a733d40f6cde7627,VIDEO,https://www.youtube.com/watch?v=OoJTjz8xWU8,LINK_INVENTORIED_NOT_BINARY_DOWNLOADED
comm-d6be53e20eab33491bda5b2f,src-59f78d9f9e935dbffe5ed781,VIDEO,https://www.youtube.com/watch?v=a1dybcUWVns,LINK_INVENTORIED_NOT_BINARY_DOWNLOADED
comm-d7156fe36b7433ad49feda02,src-463f30da96091cb93bd95099,VIDEO,https://www.youtube.com/live/Gr1gIWF2hww,LINK_INVENTORIED_NOT_BINARY_DOWNLOADED
comm-d8e3de6521f8be3076c85d31,src-84452d8a4e7531318002fa75,VIDEO,https://youtu.be/R4SPpgvnLcs,LINK_INVENTORIED_NOT_BINARY_DOWNLOADED
comm-dbb325cd5edd5014aaef0780,src-afaf12fac1a32a65632ec91d,VIDEO,https://www.youtube.com/watch?v=CaxmRp0jJmE,LINK_INVENTORIED_NOT_BINARY_DOWNLOADED
comm-dc6b4c7daa2188658e2a6211,src-ce51c4698af1046adad24107,VIDEO,https://www.youtube.com/watch?v=uHe9fSezBsY,LINK_INVENTORIED_NOT_BINARY_DOWNLOADED
comm-dce6ec41010ede59f0f4493f,src-dc3f40bc525a3df3be72295a,VIDEO,https://www.youtube.com/watch?v=WwjOrgiiE0U,LINK_INVENTORIED_NOT_BINARY_DOWNLOADED
comm-dd05260927f7e4c135c921a0,src-01d78dd77a93684cab89cb77,VIDEO,https://www.youtube.com/watch?v=9zTvjOBkSco,LINK_INVENTORIED_NOT_BINARY_DOWNLOADED
comm-dd378eb7cb37362216eedef4,src-fd43c43221df0d5847a44ee2,VIDEO,https://youtu.be/picnuwhVi5E,LINK_INVENTORIED_NOT_BINARY_DOWNLOADED
comm-dd4841a0931dee0eae8d3904,src-093c18e02928eca3906f43de,VIDEO,https://www.youtube.com/watch?v=6WWiA8NT2NQ,LINK_INVENTORIED_NOT_BINARY_DOWNLOADED
comm-dec2b57b50d07c2c9ede8cc1,src-dd3b932b75c21819727b7c8c,VIDEO,https://www.youtube.com/watch?v=uTcQR7S-680,LINK_INVENTORIED_NOT_BINARY_DOWNLOADED
comm-df7c9d317b69ce665df03ed9,src-aecd41d2ac320285ac570730,VIDEO,https://www.youtube.com/watch?v=jAtvlfbof04,LINK_INVENTORIED_NOT_BINARY_DOWNLOADED
comm-e256b3355500258e95e5960d,src-8d4ef433d3b39efadd3db063,VIDEO,https://www.youtube.com/watch?v=ipAum9128rc&t=1976s,LINK_INVENTORIED_NOT_BINARY_DOWNLOADED
comm-e256b3355500258e95e5960d,src-8d4ef433d3b39efadd3db063,VIDEO,https://www.youtube.com/watch?v=y7HRA09GME4&t=2775,LINK_INVENTORIED_NOT_BINARY_DOWNLOADED
comm-e256b3355500258e95e5960d,src-8d4ef433d3b39efadd3db063,VIDEO,https://www.youtube.com/watch?v=y7HRA09GME4&t=2920s,LINK_INVENTORIED_NOT_BINARY_DOWNLOADED
comm-e256b3355500258e95e5960d,src-8d4ef433d3b39efadd3db063,VIDEO,https://youtu.be/5gQY5PYlstI?t=3447,LINK_INVENTORIED_NOT_BINARY_DOWNLOADED
comm-e256b3355500258e95e5960d,src-8d4ef433d3b39efadd3db063,VIDEO,https://youtu.be/5gQY5PYlstI?t=3836,LINK_INVENTORIED_NOT_BINARY_DOWNLOADED
comm-e256b3355500258e95e5960d,src-8d4ef433d3b39efadd3db063,VIDEO,https://youtu.be/5gQY5PYlstI?t=972,LINK_INVENTORIED_NOT_BINARY_DOWNLOADED
comm-e256b3355500258e95e5960d,src-8d4ef433d3b39efadd3db063,VIDEO,https://youtu.be/fgVyJZQh_rE?t=2049,LINK_INVENTORIED_NOT_BINARY_DOWNLOADED
comm-e256b3355500258e95e5960d,src-8d4ef433d3b39efadd3db063,VIDEO,https://youtu.be/fgVyJZQh_rE?t=2127,LINK_INVENTORIED_NOT_BINARY_DOWNLOADED
comm-e256b3355500258e95e5960d,src-8d4ef433d3b39efadd3db063,VIDEO,https://youtu.be/tICjXv9LVjg?t=291,LINK_INVENTORIED_NOT_BINARY_DOWNLOADED
comm-e256b3355500258e95e5960d,src-8d4ef433d3b39efadd3db063,VIDEO,https://youtu.be/tICjXv9LVjg?t=473,LINK_INVENTORIED_NOT_BINARY_DOWNLOADED
comm-e256b3355500258e95e5960d,src-8d4ef433d3b39efadd3db063,VIDEO,https://youtu.be/y7HRA09GME4?t=1693,LINK_INVENTORIED_NOT_BINARY_DOWNLOADED
comm-e2c1ef5055f1abc59a3e35dd,src-595750193f109af5f10b042b,VIDEO,https://youtu.be/26DitIHQXXU?si=n-wFm5In_gVS6_2K,LINK_INVENTORIED_NOT_BINARY_DOWNLOADED
comm-e3be0cb3737ae7138c2e8a61,src-bc4e42b176e4ed680b1c91a0,VIDEO,https://www.youtube.com/watch?v=106rzowdmck,LINK_INVENTORIED_NOT_BINARY_DOWNLOADED
comm-e4a141e121f5c00139fcd9f2,src-f726ead5e97d4b23be676ac4,VIDEO,https://www.youtube.com/watch?v=MxP-hF62hxg,LINK_INVENTORIED_NOT_BINARY_DOWNLOADED
comm-e65df05c40064d09f553b85b,src-6ca3bbb3f55b7a674a76bb8c,VIDEO,https://www.youtube.com/watch?v=pJ9pvED6SH4,LINK_INVENTORIED_NOT_BINARY_DOWNLOADED
comm-e9b8093bf3d74a5f691cd21c,src-32f7ff9d6c4d04c8cfbc579a,VIDEO,https://www.youtube.com/watch?v=BRwovdpOwog,LINK_INVENTORIED_NOT_BINARY_DOWNLOADED
comm-ea70690e599e50ac36cda4c1,src-e1075e0de4e0089cb6a0f235,VIDEO,https://www.youtube.com/watch?v=ZDnMXYa1NcA,LINK_INVENTORIED_NOT_BINARY_DOWNLOADED
comm-eaa4e69e7dec9c412b5ea730,src-c30b89df9ef08f7ff5ae6181,VIDEO,https://www.youtube.com/live/TFD4xeroRq0,LINK_INVENTORIED_NOT_BINARY_DOWNLOADED
comm-eb93e046d93f91ef02120ef6,src-070ad523f969abcff537cf4e,VIDEO,https://www.youtube.com/watch?v=d3iV-y5zg_Y,LINK_INVENTORIED_NOT_BINARY_DOWNLOADED
comm-ebf259f363fe339774ae3cdd,src-176e4a72b2c30cf79c6db9bf,VIDEO,https://www.youtube.com/watch?v=qYLNmtPgtGo,LINK_INVENTORIED_NOT_BINARY_DOWNLOADED
comm-ec5e51f62237822b7f7f5709,src-7b25d1d7865a7f1a548807cc,VIDEO,http://www.youtube.com/watch?v=oc_FsZGmFn8,LINK_INVENTORIED_NOT_BINARY_DOWNLOADED
comm-ec7db12c17d3580d256b7df7,src-8f21f8b91b348859d009f2d8,VIDEO,https://www.youtube.com/watch?v=npnJlfmyOL4,LINK_INVENTORIED_NOT_BINARY_DOWNLOADED
comm-ec95d6046f70848bb242611a,src-83b3689b8b3468268319cfa9,VIDEO,https://www.youtube.com/watch?v=tpSFKyWchlk,LINK_INVENTORIED_NOT_BINARY_DOWNLOADED
comm-ed721f224bf572338490b1b7,src-562cf559ffe089153c5c49b7,VIDEO,https://www.youtube.com/watch?v=KtR-eyyjn7s,LINK_INVENTORIED_NOT_BINARY_DOWNLOADED
comm-edc53500ec14ed79bc8983c0,src-c42c0e016ee5ef2c918a6c11,VIDEO,https://www.youtube.com/watch?v=LeqSRBZJ5vw,LINK_INVENTORIED_NOT_BINARY_DOWNLOADED
comm-ee6110ca94256c7f076e6cab,src-ace31cc39bb80cdb39094fa2,VIDEO,https://www.youtube.com/watch?v=mF-GnAGOOa0,LINK_INVENTORIED_NOT_BINARY_DOWNLOADED
comm-ef598183a39511f5429b74af,src-bb8a7bd725463fc4ac2f3d31,VIDEO,http://www.youtube.com/watch?v=Li0no7O9zmE,LINK_INVENTORIED_NOT_BINARY_DOWNLOADED
comm-f0952595d1490fa1b8ca9bb2,src-5e9ed0f3d0d9cc6231217a7c,VIDEO,https://www.youtube.com/watch?v=Y7Il8I9Hb7s,LINK_INVENTORIED_NOT_BINARY_DOWNLOADED
comm-f12ac9435ee8f8eca929da5c,src-dc1c517d4bde9af370612b22,VIDEO,http://youtu.be/_VOjCHrBVUw,LINK_INVENTORIED_NOT_BINARY_DOWNLOADED
comm-f1d6d30be8b78a562839a232,src-6ca7575a5375b9d4ad9b31e4,VIDEO,https://www.youtube.com/watch?v=k2DJW1lbP1A,LINK_INVENTORIED_NOT_BINARY_DOWNLOADED
comm-f1e22f5fa07b8c378b0c74aa,src-1e43b2d8b6dc8de5f847ea1b,VIDEO,https://www.youtube.com/watch?v=9jwfcd825Ec,LINK_INVENTORIED_NOT_BINARY_DOWNLOADED
comm-f227d6fa026ed1c38b97de34,src-5d68e18fd7e3248657e9b222,VIDEO,https://www.youtube.com/watch?v=roj5dKOQkWA,LINK_INVENTORIED_NOT_BINARY_DOWNLOADED
comm-f22d78e5b8a163a6f0f1a5df,src-0ec5b7311f3fa1a98d986199,VIDEO,https://www.youtube.com/watch?v=S0ACykkYpW0,LINK_INVENTORIED_NOT_BINARY_DOWNLOADED
comm-f2ebc6ec19f5049cd61055ed,src-4d3b0f8cb25ce222a1254944,VIDEO,https://www.youtube.com/watch?v=UFLJrj4ZOX0,LINK_INVENTORIED_NOT_BINARY_DOWNLOADED
comm-f462c3da9c9bc0d639d93011,src-1b3890cf78848ad7479b8e71,VIDEO,https://www.youtube.com/watch?v=jN7qTU0On8w,LINK_INVENTORIED_NOT_BINARY_DOWNLOADED
comm-f596801d5c66e66f5b2082a9,src-7819a5947854e5595316837d,VIDEO,https://www.youtube.com/watch?v=hhKh6AiLmw4,LINK_INVENTORIED_NOT_BINARY_DOWNLOADED
comm-f6cf8f16e6c269ede56d3da0,src-dffaf8bc4c103b01ac10b6fd,VIDEO,https://www.youtube.com/live/ndqAg-M3Sqw,LINK_INVENTORIED_NOT_BINARY_DOWNLOADED
comm-f71aa8ac3c52be2de07816ff,src-3bb0c0195cec44f5c2545366,VIDEO,https://www.youtube.com/watch?v=GfUG4gVRQYo,LINK_INVENTORIED_NOT_BINARY_DOWNLOADED
comm-f743c2f221ae8a24f5d90871,src-ec9da80ca6fa800b4436c152,VIDEO,https://www.youtube.com/watch?v=g_QDAn5Ca-4,LINK_INVENTORIED_NOT_BINARY_DOWNLOADED
comm-f7a9393e6b4bb85f712391b7,src-1031f5cd866c3d8bd04802f5,AUDIO,https://www.bostonfed.org/-/media/Files/Speeches/Sounds/111516.MP3?sc_lang=en&hash=9456F0E253E19971F84E4A3B23F19C7E,LINK_INVENTORIED_NOT_BINARY_DOWNLOADED
comm-f7e3deea1f4de4cb23fbefcf,src-194d30be576ccc35ffbaeee4,VIDEO,https://www.youtube.com/watch?v=_CWJN6x2kdI,LINK_INVENTORIED_NOT_BINARY_DOWNLOADED
comm-f7fefc0704b34a267cd4e82f,src-f2d9f923ed1cad63601347ed,VIDEO,https://www.youtube.com/watch?v=vdScagTwyI0,LINK_INVENTORIED_NOT_BINARY_DOWNLOADED
comm-f87105ac2faaece383ed6d4d,src-5cbd5f6f4a601bc71c077bee,VIDEO,https://youtu.be/SJPV1-G6yj0,LINK_INVENTORIED_NOT_BINARY_DOWNLOADED
comm-fa4f8ecb1ee55efbeddcbc22,src-5860a167dcb93ef297c57d12,VIDEO,https://youtu.be/Gz2jo42axyE,LINK_INVENTORIED_NOT_BINARY_DOWNLOADED
comm-fa7fc339cea4cfff0e0f581e,src-15b002dd8245576169bab50c,VIDEO,https://www.youtube.com/watch?v=eEGK6nD4UfA,LINK_INVENTORIED_NOT_BINARY_DOWNLOADED
comm-fb544c4475f3a7b47acc563a,src-cbe42057021377b2cc7e8a5e,VIDEO,https://www.youtube.com/watch?v=Pmt4LAOaYSo,LINK_INVENTORIED_NOT_BINARY_DOWNLOADED
comm-fc7a6a726b429f8072cbc07a,src-068d320375830ba698a0d1da,VIDEO,https://www.youtube.com/watch?v=d4z2VRB4GZU,LINK_INVENTORIED_NOT_BINARY_DOWNLOADED
comm-fcea8f363c0cca18bcde89ca,src-0ebfdbf2ee0e7fbe38927b50,VIDEO,https://www.youtube.com/watch?v=WDeSeEWVsHI,LINK_INVENTORIED_NOT_BINARY_DOWNLOADED
comm-fd7480f5d798ca9c5f77db28,src-851fab84debe5de2c52b5e13,VIDEO,https://www.youtube.com/watch?v=IHsur0X-Dkk,LINK_INVENTORIED_NOT_BINARY_DOWNLOADED
comm-fda03495a63149dd72ac334b,src-f565fb5840ec709b4448e1ba,VIDEO,https://www.youtube.com/watch?v=IATNG6DtyN0,LINK_INVENTORIED_NOT_BINARY_DOWNLOADED
comm-fde75d5ae440fca9e5b8f91d,src-6761f91ec84c489143598c52,VIDEO,https://youtu.be/DuNsUFJ42hY,LINK_INVENTORIED_NOT_BINARY_DOWNLOADED
comm-feb3b66b1955fbd5b2fa2626,src-bf3f5cbe381334ce33d740c9,AUDIO,https://minneapolisfed.org/-/media/files/news_events/pres/nrk11-12-13_qa.mp3?rev=fa90801090184cba909322e1f909d605,LINK_INVENTORIED_NOT_BINARY_DOWNLOADED
comm-feb3b66b1955fbd5b2fa2626,src-bf3f5cbe381334ce33d740c9,VIDEO,http://www.youtube.com/watch?v=OYZ60ohvgvU,LINK_INVENTORIED_NOT_BINARY_DOWNLOADED
comm-feb3b66b1955fbd5b2fa2626,src-bf3f5cbe381334ce33d740c9,VIDEO,http://www.youtube.com/watch?v=pUAPBM0ROTo,LINK_INVENTORIED_NOT_BINARY_DOWNLOADED
comm-ff7bb3d23e9159b8ab64a3f6,src-f3ba33a3bca5e1961e75dc89,VIDEO,https://www.youtube.com/watch?v=rtGyxj-9gFY,LINK_INVENTORIED_NOT_BINARY_DOWNLOADED
